NOM_ENT,NOM_LOC_ORIGINAL,loc,lon,lat,address
BAJA CALIFORNIA,AGUA CHALE,"AGUA CHALE, MEXICO",-102.552784,23.634501,mexico
BAJA CALIFORNIA,ANTON LIZARDO,"ANTON LIZARDO, MEXICO",-95.9878421,19.0563842,"95269 antón lizardo, ver., mexico"
BAJA CALIFORNIA,ARBOLITOS,"ARBOLITOS, MEXICO",-99.2491944,19.3650819,"arbolitos, 01377 ciudad de méxico, cdmx, mexico"
BAJA CALIFORNIA,ISLA DE CEDROS,"ISLA DE CEDROS, MEXICO",-115.1927777,28.0955555,"22906 isla de cedros, b.c., mexico"
BAJA CALIFORNIA,ARROYO ANCHO,"ARROYO ANCHO, MEXICO",-107.4891194,28.2183505,"31695 arroyo ancho, chih., mexico"
BAJA CALIFORNIA,BAHIA BLANCA,"BAHIA BLANCA, MEXICO",-62.2663478,-38.7183177,"bahía blanca, buenos aires province, argentina"
BAJA CALIFORNIA,CALAMAJUE,"CALAMAJUE, MEXICO",-114.416667,29.633333,"21856 calamajué, b.c., mexico"
BAJA CALIFORNIA,BAHIA DE LAS ANIMAS,"BAHIA DE LAS ANIMAS, MEXICO",-113.3525296,28.8160319,"bahía las animas, 22997 baja california, mexico"
OAXACA,PUERTO ANGEL,"PUERTO ANGEL, MEXICO",-96.49131369999999,15.6680076,"70902 puerto ángel, oaxaca, mexico"
BAJA CALIFORNIA,BAHIA FALSA,"BAHIA FALSA, MEXICO",-116.6335574,31.8809476,"bahía falsa, bellavista, 22820 ensenada, b.c., mexico"
BAJA CALIFORNIA,BAHIA SAN FRANCISQUITO,"BAHIA SAN FRANCISQUITO, MEXICO",-102.552784,23.634501,mexico
BAJA CALIFORNIA,BAHIA SAN RAFAEL,"BAHIA SAN RAFAEL, MEXICO",-99.1511285,19.4271992,"c. tolsá 36, colonia centro, juárez, cuauhtémoc, 06000 ciudad de méxico, cdmx, mexico"
BAJA CALIFORNIA,BAHIA TODOS SANTOS,"BAHIA TODOS SANTOS, MEXICO",-116.6789163,31.7953617,"all saints bay, mexico"
BAJA CALIFORNIA,BAJAMAR,"BAJAMAR, MEXICO",-102.552784,23.634501,mexico
BAJA CALIFORNIA,BAJO LA BRUJA,"BAJO LA BRUJA, MEXICO",-102.552784,23.634501,mexico
BAJA CALIFORNIA,BAJO MACHO,"BAJO MACHO, MEXICO",-102.552784,23.634501,mexico
BAJA CALIFORNIA,BAJO SAN MIGUEL,"BAJO SAN MIGUEL, MEXICO",-102.552784,23.634501,mexico
BAJA CALIFORNIA,BAJO SUR,"BAJO SUR, MEXICO",-102.552784,23.634501,mexico
BAJA CALIFORNIA,SAN CARLOS,"SAN CARLOS, MEXICO",-111.0370989,27.9617875,"85506 san carlos nuevo guaymas, sonora, mexico"
BAJA CALIFORNIA,SANTO DOMINGO,"SANTO DOMINGO, MEXICO",-99.1905974,19.4887086,"santo domingo, ciudad de méxico, cdmx, mexico"
BAJA CALIFORNIA,BUFADORA,"BUFADORA, MEXICO",-116.7135467,31.7261392,"22794 la bufadora, b.c., mexico"
BAJA CALIFORNIA,CANADA DE LAS MUJERES,"CANADA DE LAS MUJERES, MEXICO",-102.552784,23.634501,mexico
BAJA CALIFORNIA,CAMALU,"CAMALU, MEXICO",-116.0620756,30.8392713,"22910 camalú, baja california, mexico"
BAJA CALIFORNIA,ISLA GUADALUPE,"ISLA GUADALUPE, MEXICO",-118.2760503,29.05252029999999,"guadalupe island, baja california, mexico"
BAJA CALIFORNIA,CAMPO COLORADA,"CAMPO COLORADA, MEXICO",-97.7010997,20.940245,"92735 campo colorado, ver., mexico"
BAJA CALIFORNIA,CAMPO CUCAPA,"CAMPO CUCAPA, MEXICO",-115.4770176,32.6170604,"21340, av. luis araiza 1768, cucapah, 21340 mexicali, b.c., mexico"
BAJA CALIFORNIA,CAMPO DON ABEL,"CAMPO DON ABEL, MEXICO",-114.928236,31.175357,"21853 baja california, mexico"
BAJA CALIFORNIA,CAMPO PESQUERO JUAREZ,"CAMPO PESQUERO JUAREZ, MEXICO",-106.4895564,31.729182,"francisco campos, obrera, 32050 juárez, chih., mexico"
BAJA CALIFORNIA,CAMPO SAHUARO,"CAMPO SAHUARO, MEXICO",-110.9961161,29.0980374,"sahuaro, hermosillo, son., mexico"
BAJA CALIFORNIA,CAMPO VIEJO,"CAMPO VIEJO, MEXICO",-98.33524630000001,21.4322161,"92075 campo viejo, ver., mexico"
BAJA CALIFORNIA,CATARINA,"CATARINA, MEXICO",-100.4423188,25.6746058,"santa catarina, nuevo leon, mexico"
YUCATAN,CELESTUN,"CELESTUN, MEXICO",-90.3972052,20.8593042,"97367 celestún, yucatan, mexico"
BAJA CALIFORNIA,COLONIA VICENTE GUERRERO,"COLONIA VICENTE GUERRERO, MEXICO",-115.5037094,32.6088234,"vicente guerrero, 21320 mexicali, b.c., mexico"
BAJA CALIFORNIA,COLORADITO,"COLORADITO, MEXICO",-114.6691666,30.5805555,"21854 el coloradito, b.c., mexico"
BAJA CALIFORNIA,EL AFERRADO,"EL AFERRADO, MEXICO",-102.552784,23.634501,mexico
BAJA CALIFORNIA,EL CHORERO,"EL CHORERO, MEXICO",-102.3942165,21.0302887,"av. morelos 146, sagrada familia, 47144 san miguel el alto, jal., mexico"
BAJA CALIFORNIA,EL CUCHILLO,"EL CUCHILLO, MEXICO",-99.2584643,25.7205756,"67066 el cuchillo, n.l., mexico"
BAJA CALIFORNIA,EL MOLINO VIEJO,"EL MOLINO VIEJO, MEXICO",-115.9758053,30.4859081,"22937 molino viejo, baja california, mexico"
BAJA CALIFORNIA,EL MUERTITO,"EL MUERTITO, MEXICO",-100.1138888,20.5188888,"76720 ignacio pérez, qro., mexico"
BAJA CALIFORNIA,EL MUERTO,"EL MUERTO, MEXICO",-102.0636111,21.9783333,"20333 lic. jesús terán, ags., mexico"
BAJA CALIFORNIA,EL PLAYON DE SAN RAMON,"EL PLAYON DE SAN RAMON, MEXICO",-99.67249989999999,17.1261111,"39910 pueblo madero, gro., mexico"
BAJA CALIFORNIA,EL QUEMADO,"EL QUEMADO, MEXICO",-101.683881,20.9532191,"plan libertador, gto., mexico"
BAJA CALIFORNIA,PUNTA BANDA,"PUNTA BANDA, MEXICO",-116.662891,31.719681,"cabo punta banda, b.c., mexico"
BAJA CALIFORNIA,EL SANJON,"EL SANJON, MEXICO",-103.4336572,20.2821653,"el sanjon, jocotepec, jal., mexico"
BAJA CALIFORNIA,EL SAUZAL,"EL SAUZAL, MEXICO",-116.6996104,31.896313,"el sauzal, baja california, mexico"
BAJA CALIFORNIA,EL TOMATAL,"EL TOMATAL, MEXICO",-96.92055549999999,15.7847222,"70937 el tomatal, oaxaca, mexico"
BAJA CALIFORNIA,EL WIDO,"EL WIDO, MEXICO",-102.552784,23.634501,mexico
BAJA CALIFORNIA,ELEHUTE,"ELEHUTE, MEXICO",-102.552784,23.634501,mexico
BAJA CALIFORNIA,ERENDIRA,"ERENDIRA, MEXICO",-97.76611109999999,19.1522221,"75125 eréndira, pue., mexico"
BAJA CALIFORNIA,ESCOLLERA,"ESCOLLERA, MEXICO",-99.082431,19.4724262,"escollera, infonavit camino san juan de aragón, el olivo, 07950 ciudad de méxico, cdmx, mexico"
BAJA CALIFORNIA,SAN FELIPE,"SAN FELIPE, MEXICO",-114.8407776,31.0250709,"21850 san felipe, baja california, mexico"
BAJA CALIFORNIA,ESCONDIDO,"ESCONDIDO, MEXICO",-97.0767365,15.8719795,"puerto escondido, oaxaca, mexico"
BAJA CALIFORNIA,ESTERO SAN JOSE,"ESTERO SAN JOSE, MEXICO",-109.6857461,23.050623,"blvd. antonio mijares s/n, campo de golf fonatur, 23400 san josé del cabo, b.c.s., mexico"
BAJA CALIFORNIA,FARO DE SAN JOSE,"FARO DE SAN JOSE, MEXICO",-102.552784,23.634501,mexico
SONORA,HEROICA GUAYMAS,"HEROICA GUAYMAS, MEXICO",-110.9090678,27.9110633,"guaymas, sonora, mexico"
BAJA CALIFORNIA,ISLA ARENA,"ISLA ARENA, MEXICO",-90.45318510000001,20.7004791,"24919 isla arena, camp., mexico"
BAJA CALIFORNIA,ISLA CEDROS,"ISLA CEDROS, MEXICO",-115.2126293,28.1901766,"cedros island, baja california, mexico"
BAJA CALIFORNIA,ISLA DE CORONADO,"ISLA DE CORONADO, MEXICO",-117.26,32.4175,"isla coronado, baja california, mexico"
BAJA CALIFORNIA,ISLA DE GUADALUPE,"ISLA DE GUADALUPE, MEXICO",-118.2760503,29.05252029999999,"guadalupe island, baja california, mexico"
BAJA CALIFORNIA,ISLA ENCANTADA,"ISLA ENCANTADA, MEXICO",-114.5,30.0166667,"isla encantada, mexico"
BAJA CALIFORNIA,ISLA MIRAMAR,"ISLA MIRAMAR, MEXICO",-114.5666667,30.0833333,"isla miramar, mexico"
BAJA CALIFORNIA,ISLA RAZA,"ISLA RAZA, MEXICO",-112.98,28.8236111,"isla rasa, baja california, mexico"
BAJA CALIFORNIA,ISLA SAN ESTEBAN,"ISLA SAN ESTEBAN, MEXICO",-112.5769444,28.7008333,"san esteban island, 83338 sonora, mexico"
BAJA CALIFORNIA,ISLA SAN JERONIMO,"ISLA SAN JERONIMO, MEXICO",-115.7922802,29.7913725,"isla san jerónimo, baja california, mexico"
BAJA CALIFORNIA,ISLA SAN PEDRO MARTIR,"ISLA SAN PEDRO MARTIR, MEXICO",-112.3069532,28.3803054,"san pedro mártir island, mexico"
BAJA CALIFORNIA,ISLA SANTA ISABEL O EL HUERFANITO,"ISLA SANTA ISABEL O EL HUERFANITO, MEXICO",-105.8855471,21.8480769,"isla santa isabel, nayarit, mexico"
BAJA CALIFORNIA,ISLAS CORONADO,"ISLAS CORONADO, MEXICO",-117.26,32.4175,"isla coronado, baja california, mexico"
BAJA CALIFORNIA,TODOS SANTOS,"TODOS SANTOS, MEXICO",-110.2265101,23.4463619,"todos santos, bcs, mexico"
BAJA CALIFORNIA,LA CALAVERA,"LA CALAVERA, MEXICO",-101.0844009,17.8429248,"40725 la calavera, gro., mexico"
BAJA CALIFORNIA,LA CARDONOSA,"LA CARDONOSA, MEXICO",-102.552784,23.634501,mexico
BAJA CALIFORNIA,LA ESCOLLERA,"LA ESCOLLERA, MEXICO",-102.552784,23.634501,mexico
BAJA CALIFORNIA,LA LOBERA,"LA LOBERA, MEXICO",-115.0643961,27.8318467,"23952 la lobera, b.c.s., mexico"
BAJA CALIFORNIA,LA PALMITA,"LA PALMITA, MEXICO",-103.3547579,20.730477,"la palmita, zapopan, jal., mexico"
BAJA CALIFORNIA,LA PUNTITA,"LA PUNTITA, MEXICO",-102.7242853,20.0735338,"la puntita, sahuayo de morelos, mich., mexico"
BAJA CALIFORNIA,LA TOBA,"LA TOBA, MEXICO",-102.552784,23.634501,mexico
BAJA CALIFORNIA,LAGUNA SALADA,"LAGUNA SALADA, MEXICO",-115.7101789,32.4114587,"laguna salada, 21744 baja california, mexico"
BAJA CALIFORNIA,LOS MORROS,"LOS MORROS, MEXICO",-99.8030785,17.6866711,"39165 los morros, gro., mexico"
BAJA CALIFORNIA,LOS MORROS COLORADOS,"LOS MORROS COLORADOS, MEXICO",-99.8030785,17.6866711,"39165 los morros, gro., mexico"
BAJA CALIFORNIA,SEYBAPLAYA,"SEYBAPLAYA, MEXICO",-90.6876356,19.6392039,"24460 seybaplaya, camp., mexico"
BAJA CALIFORNIA,MANEADERO,"MANEADERO, MEXICO",-116.570038,31.7154809,"rodolfo sánchez taboada, b.c., mexico"
COLIMA,MANZANILLO,"MANZANILLO, MEXICO",-104.3170724,19.0536292,"manzanillo, colima, mexico"
BAJA CALIFORNIA,MARRON,"MARRON, MEXICO",-102.552784,23.634501,mexico
SINALOA,MAZATLAN,"MAZATLAN, MEXICO",-106.4111425,23.2494148,"mazatlan, sinaloa, mexico"
BAJA CALIFORNIA,ENSENADA,"ENSENADA, MEXICO",-116.5963713,31.8667427,"ensenada, baja california, mexico"
BAJA CALIFORNIA,MORRO SANTO DOMINGO,"MORRO SANTO DOMINGO, MEXICO",-114.1239625,28.2550193,"morro santo domingo, baja california, mexico"
BAJA CALIFORNIA,MUELLE,"MUELLE, MEXICO",-102.552784,23.634501,mexico
BAJA CALIFORNIA,MUELLE FISCAL,"MUELLE FISCAL, MEXICO",-110.3185903,24.1613103,"paseo álvaro obregón 220, malecón, zona central, 23000 la paz, b.c.s., mexico"
BAJA CALIFORNIA,SAN QUINTIN,"SAN QUINTIN, MEXICO",-115.9379302,30.56087669999999,"22940 san quintín, baja california, mexico"
BAJA CALIFORNIA,MUELLE PESCA DEPORTIVA,"MUELLE PESCA DEPORTIVA, MEXICO",-102.552784,23.634501,mexico
BAJA CALIFORNIA,PIEDRA AHOGADA,"PIEDRA AHOGADA, MEXICO",-102.552784,23.634501,mexico
BAJA CALIFORNIA,PIEDRA SAN ANTONIO,"PIEDRA SAN ANTONIO, MEXICO",-102.552784,23.634501,mexico
BAJA CALIFORNIA,SAN RAMON,"SAN RAMON, MEXICO",-102.4567863,20.3543548,"47924 san ramón, jal., mexico"
BAJA CALIFORNIA,SANTA MARIA,"SANTA MARIA, MEXICO",-96.31990809999999,15.8309493,"santa maría huatulco, oax., mexico"
BAJA CALIFORNIA,PUERTO SANTO TOMAS,"PUERTO SANTO TOMAS, MEXICO",-116.408987,31.5540549,"22795 santo tomás, baja california, mexico"
BAJA CALIFORNIA,CANOAS,"CANOAS, MEXICO",-99.9564204,25.2443815,"canoas, n.l., mexico"
BAJA CALIFORNIA,CUCHILLO,"CUCHILLO, MEXICO",-102.552784,23.634501,mexico
BAJA CALIFORNIA,LIBERTAD,"LIBERTAD, MEXICO",-99.16637310000002,23.7685694,"amp la libertad, 87019 cdad. victoria, tamps., mexico"
BAJA CALIFORNIA,LOS CHOROS,"LOS CHOROS, MEXICO",-93.2901181,15.7804276,"30558 los chorros, chis., mexico"
BAJA CALIFORNIA,PUERTO SALINA,"PUERTO SALINA, MEXICO",-116.8785343,32.0579982,"22765 la salina, b.c., mexico"
BAJA CALIFORNIA,SAN JOSE,"SAN JOSE, MEXICO",-102.552784,23.634501,mexico
BAJA CALIFORNIA,SANTA CATARINA,"SANTA CATARINA, MEXICO",-100.4423188,25.6746058,"santa catarina, nuevo leon, mexico"
BAJA CALIFORNIA,SANTO TOMAS,"SANTO TOMAS, MEXICO",-109.1974999,28.9744443,"85608 santo tomas, sonora, mexico"
BAJA CALIFORNIA,PUNTA AZUFRE,"PUNTA AZUFRE, MEXICO",-102.552784,23.634501,mexico
BAJA CALIFORNIA,PUNTA BALLENAS,"PUNTA BALLENAS, MEXICO",-102.552784,23.634501,mexico
BAJA CALIFORNIA,PUNTA CABRA,"PUNTA CABRA, MEXICO",-116.560935,31.8950171,"punta cabra, popular 1989, 22812 ensenada, b.c., mexico"
BAJA CALIFORNIA,PUNTA CANOAS,"PUNTA CANOAS, MEXICO",-116.918268,32.5099186,"punta de canoas, amp. guaycura, 22214 tijuana, b.c., mexico"
BAJA CALIFORNIA,PUNTA COLONET,"PUNTA COLONET, MEXICO",-116.3335471,30.97046139999999,"22908 punta colonet, baja california, mexico"
BAJA CALIFORNIA,PUNTA CONO,"PUNTA CONO, MEXICO",-114.5840291,28.967482,"punta cono, baja california, mexico"
BAJA CALIFORNIA,PUNTA CUCHILLA,"PUNTA CUCHILLA, MEXICO",-102.552784,23.634501,mexico
BAJA CALIFORNIA,PUNTA DEL DIABLO,"PUNTA DEL DIABLO, MEXICO",-53.5491787,-34.0461502,"27200 punta del diablo, rocha department, uruguay"
BAJA CALIFORNIA,PUNTA DIABLO,"PUNTA DIABLO, MEXICO",-102.552784,23.634501,mexico
BAJA CALIFORNIA,PUNTA EL PESCADOR,"PUNTA EL PESCADOR, MEXICO",-113.3839588,28.9357272,"punta el pescador, 22980 baja california, mexico"
BAJA CALIFORNIA,PUNTA FINAL,"PUNTA FINAL, MEXICO",-114.2779471,29.7691922,"21856 punta final, b.c., mexico"
BAJA CALIFORNIA,PUNTA LA GRINGA,"PUNTA LA GRINGA, MEXICO",-113.5367489,29.0317388,"punta la gringa, bahia de los angeles, 22985 baja california, mexico"
BAJA CALIFORNIA,PUNTA MARIA,"PUNTA MARIA, MEXICO",-114.5313175,28.9210586,"punta maria, 22973 b.c., mexico"
BAJA CALIFORNIA,PUNTA MARRON,"PUNTA MARRON, MEXICO",-102.552784,23.634501,mexico
BAJA CALIFORNIA,PUNTA REFUGIO (I. ANGEL DE LA GUARDA),"PUNTA REFUGIO (I. ANGEL DE LA GUARDA), MEXICO",-113.5156392,29.5500124,"punta refugio, baja california, mexico"
BAJA CALIFORNIA,PUNTA ROSARITO,"PUNTA ROSARITO, MEXICO",-114.1389209,28.574953,"punta rosarito, 22995 baja california, mexico"
BAJA CALIFORNIA,PUNTA SAN JACINTO,"PUNTA SAN JACINTO, MEXICO",-116.168602,30.8612484,"punta san jacinto, 22915 baja california, mexico"
BAJA CALIFORNIA,PUNTA SAN JASINTO,"PUNTA SAN JASINTO, MEXICO",-116.168602,30.8612484,"punta san jacinto, 22915 baja california, mexico"
BAJA CALIFORNIA,PUNTA SAN JOSE,"PUNTA SAN JOSE, MEXICO",-116.6135546,31.8729545,"punta san jose, méxico, 22830 ensenada, b.c., mexico"
BAJA CALIFORNIA,PUNTA SAN QUINTIN,"PUNTA SAN QUINTIN, MEXICO",-115.9379302,30.56087669999999,"22940 san quintín, baja california, mexico"
BAJA CALIFORNIA,R/A. BITZAL 5TA. SECC.,"R/A. BITZAL 5TA. SECC., MEXICO",-92.52488389999999,18.0521797,"86723 bitzal, tab., mexico"
BAJA CALIFORNIA,RANCHO ZIMARRON KM 68,"RANCHO ZIMARRON KM 68, MEXICO",-102.552784,23.634501,mexico
BAJA CALIFORNIA,RASPORIA,"RASPORIA, MEXICO",-102.552784,23.634501,mexico
BAJA CALIFORNIA,RINCON BALLENAS,"RINCON BALLENAS, MEXICO",-102.552784,23.634501,mexico
BAJA CALIFORNIA,RIO COLORADO,"RIO COLORADO, MEXICO",-113.4269284983992,34.30643381894128,colorado river
BAJA CALIFORNIA,RIO HARDY,"RIO HARDY, MEXICO",-115.3015377358521,32.176493242988,"hardy river, 21742 baja california, mexico"
BAJA CALIFORNIA,ROCA CONSAG,"ROCA CONSAG, MEXICO",-114.4833333,31.1166667,"roca consag, mexico"
BAJA CALIFORNIA,ROSALIITA,"ROSALIITA, MEXICO",-99.0648804,19.2957276,"rosalita, ciudad de méxico, cdmx, mexico"
BAJA CALIFORNIA,ROSALILLITA,"ROSALILLITA, MEXICO",-102.552784,23.634501,mexico
BAJA CALIFORNIA,ROSALITA,"ROSALITA, MEXICO",-117.0617553,32.3661011,"rosarito, baja california, mexico"
BAJA CALIFORNIA,ROSARITO,"ROSARITO, MEXICO",-117.0617553,32.3661011,"rosarito, baja california, mexico"
BAJA CALIFORNIA,SAN LUIS GONZAGA,"SAN LUIS GONZAGA, MEXICO",-101.9724559,21.783631,"47504 san luis gonzaga, jalisco, mexico"
BAJA CALIFORNIA,SANTA ROSALIA,"SANTA ROSALIA, MEXICO",-112.2701486,27.3361939,"23920 santa rosalía, bcs, mexico"
BAJA CALIFORNIA,SANTA ROSALILLITA,"SANTA ROSALILLITA, MEXICO",-114.2369444,28.6686111,"22995 santa rosaliíta, b.c., mexico"
BAJA CALIFORNIA,VALLE TRANQUILO,"VALLE TRANQUILO, MEXICO",-115.8041126,30.28808769999999,"ejido valle tranquilo, 22952 b.c., mexico"
BAJA CALIFORNIA,VARADERO ALTAMIRA,"VARADERO ALTAMIRA, MEXICO",-97.92115550000001,22.4077462,"altamira, tamaulipas, mexico"
BAJA CALIFORNIA,VARADERO DEL CARDON,"VARADERO DEL CARDON, MEXICO",-102.552784,23.634501,mexico
BAJA CALIFORNIA,VARDERO LOS HOJITOS,"VARDERO LOS HOJITOS, MEXICO",-102.552784,23.634501,mexico
BAJA CALIFORNIA,VILLA DE JESUS MARIA,"VILLA DE JESUS MARIA, MEXICO",-114.0011111,28.2813888,"22994 villa jesús maría, baja california, mexico"
BAJA CALIFORNIA SUR,LA PAZ,"LA PAZ, MEXICO",-110.3127531,24.1426408,"la paz, bcs, mexico"
BAJA CALIFORNIA SUR,LOPEZ MATEOS,"LOPEZ MATEOS, MEXICO",-99.2674713,19.5562275,"ciudad lópez mateos, state of mexico, mexico"
BAJA CALIFORNIA SUR,LORETO,"LORETO, MEXICO",-111.3477531,26.0117564,"loreto, bcs, mexico"
BAJA CALIFORNIA SUR,LOS CABOS,"LOS CABOS, MEXICO",-109.9152149,22.8948129,"cabo san lucas, bcs, mexico"
BAJA CALIFORNIA SUR,PUNTA ABREOJOS,"PUNTA ABREOJOS, MEXICO",-113.5743381,26.7173026,"23970 punta abreojos, bcs, mexico"
BAJA CALIFORNIA SUR,AGUAS LITORALES (SAN CARLOS),"AGUAS LITORALES (SAN CARLOS), MEXICO",-111.0370989,27.9617875,"85506 san carlos nuevo guaymas, sonora, mexico"
BAJA CALIFORNIA SUR,ARROYO DE LA POZA,"ARROYO DE LA POZA, MEXICO",-110.9827085,29.0604111,"av. arroyo de la poza, 83287 hermosillo, son., mexico"
BAJA CALIFORNIA SUR,BAHIA ALMEJAS,"BAHIA ALMEJAS, MEXICO",-115.5679125,32.638773,"bahía almeja, el coloso ii, 21138 santa isabel, b.c., mexico"
BAJA CALIFORNIA SUR,BAHIA BALLENAS,"BAHIA BALLENAS, MEXICO",-99.1774004,19.4369086,"bahía de ballenas, verónica anzúres, 11300 ciudad de méxico, cdmx, mexico"
BAJA CALIFORNIA SUR,BAHIA CONCEPCION,"BAHIA CONCEPCION, MEXICO",-111.7376178,26.5940482,"bahía concepción, baja california sur, mexico"
BAJA CALIFORNIA SUR,BAHIA DE LA PAZ,"BAHIA DE LA PAZ, MEXICO",-110.3416797,24.1392791,"bahía de la paz, 23090 la paz, b.c.s., mexico"
BAJA CALIFORNIA SUR,BAHIA DE LOS ANGELES,"BAHIA DE LOS ANGELES, MEXICO",-113.5624339,28.9519153,"22980 bahía de los ángeles, baja california, mexico"
BAJA CALIFORNIA SUR,BAHIA DE SAN JUANICO,"BAHIA DE SAN JUANICO, MEXICO",-112.4812989,26.2568056,"23812 san juanico, bcs, mexico"
BAJA CALIFORNIA SUR,BAHIA DE SANTANA,"BAHIA DE SANTANA, MEXICO",-98.9003912,18.9242483,"de santa ana, 62844 atlatlahucan, mor., mexico"
BAJA CALIFORNIA SUR,BAHIA LA VENTANA,"BAHIA LA VENTANA, MEXICO",-109.9377769,24.0683519,"bahia de la ventana, mexico"
BAJA CALIFORNIA SUR,BAHIA LOS MUERTOS,"BAHIA LOS MUERTOS, MEXICO",-110.3120585,24.1176068,"bahía de los muertos, la paz, b.c.s., mexico"
BAJA CALIFORNIA SUR,BAHIA MAGDALENA,"BAHIA MAGDALENA, MEXICO",-112,24.583333,"magdalena bay, 23749 bcs, mexico"
BAJA CALIFORNIA SUR,BAHIA SAN FRANCISQUITO,"BAHIA SAN FRANCISQUITO, MEXICO",-102.552784,23.634501,mexico
BAJA CALIFORNIA SUR,BAHIA SAN HIPOLITO,"BAHIA SAN HIPOLITO, MEXICO",-99.1778203,19.4386008,"bahía de san hipólito, ciudad de méxico, cdmx, mexico"
BAJA CALIFORNIA SUR,BAHIA SAN PABLO,"BAHIA SAN PABLO, MEXICO",-110.312492,24.1187477,"bahía san pablo, sudcalifornia, 23080 la paz, b.c.s., mexico"
BAJA CALIFORNIA SUR,BAHIA SAN RAFAEL,"BAHIA SAN RAFAEL, MEXICO",-99.1511285,19.4271992,"c. tolsá 36, colonia centro, juárez, cuauhtémoc, 06000 ciudad de méxico, cdmx, mexico"
BAJA CALIFORNIA SUR,BAHIA SAN ROQUE,"BAHIA SAN ROQUE, MEXICO",-102.552784,23.634501,mexico
BAJA CALIFORNIA SUR,BAHIA SANTA INES,"BAHIA SANTA INES, MEXICO",-106.3816288,23.238676,"bahía sta. inés, mazatlán i, 82190 mazatlán, sin., mexico"
BAJA CALIFORNIA SUR,BAHIA SANTA MARIA,"BAHIA SANTA MARIA, MEXICO",-109.8153495,22.9297512,"bahia santa maria, mexico"
BAJA CALIFORNIA SUR,BAJO DEL PERDIDO,"BAJO DEL PERDIDO, MEXICO",-99.8962439,20.5175155,"del perdido, vergel del acueducto, centro, 76750 tequisquiapan, qro., mexico"
BAJA CALIFORNIA SUR,BAJO DEL TETIS,"BAJO DEL TETIS, MEXICO",-99.1444426,19.2922459,"tetis, coapa, ciudad de méxico, cdmx, mexico"
BAJA CALIFORNIA SUR,BAJO MORGAN,"BAJO MORGAN, MEXICO",-102.552784,23.634501,mexico
BAJA CALIFORNIA SUR,BANDERITAS,"BANDERITAS, MEXICO",-112.111613,24.872432,"23743 banderitas, b.c.s., mexico"
BAJA CALIFORNIA SUR,BARRIO LA PLAYA,"BARRIO LA PLAYA, MEXICO",-98.3444863,21.2825534,"92136 la playa, ver., mexico"
BAJA CALIFORNIA SUR,BOCA DE ALAMO,"BOCA DE ALAMO, MEXICO",-109.8045592,23.8933616,"boca del álamo, 23320 la trinadad, b.c.s., mexico"
BAJA CALIFORNIA SUR,BOCA DEL TULE,"BOCA DEL TULE, MEXICO",-102.552784,23.634501,mexico
BAJA CALIFORNIA SUR,BOCA LA SOLEDAD,"BOCA LA SOLEDAD, MEXICO",-102.552784,23.634501,mexico
BAJA CALIFORNIA SUR,BOCA LAS ANIMAS,"BOCA LAS ANIMAS, MEXICO",-103.2265939,22.2144983,"46245 las ánimas, jal., mexico"
BAJA CALIFORNIA SUR,BOCA SANTO DOMINGO,"BOCA SANTO DOMINGO, MEXICO",-102.552784,23.634501,mexico
BAJA CALIFORNIA SUR,BOCANA DE SAN VENANCIO,"BOCANA DE SAN VENANCIO, MEXICO",-112.4347001,27.0901509,"23913 san venancio, b.c.s., mexico"
BAJA CALIFORNIA SUR,CABO TOSCO,"CABO TOSCO, MEXICO",-111.7117283,24.3100061,"faro cabo tosco, 23750 b.c.s., mexico"
BAJA CALIFORNIA SUR,CABO VIRGENES,"CABO VIRGENES, MEXICO",-116.9231158,32.4877103,"cabo vírgenes, guaycura, 22216 tijuana, b.c., mexico"
BAJA CALIFORNIA SUR,CAMPITO EL TAVO,"CAMPITO EL TAVO, MEXICO",-114.780559,27.804893,"23952 el tavo, b.c.s., mexico"
BAJA CALIFORNIA SUR,CHESTER,"CHESTER, MEXICO",NA,NA,NA
BAJA CALIFORNIA SUR,EL CHAPARRITO,"EL CHAPARRITO, MEXICO",-100.6133212,19.6207413,"el chaparro, michoacán, mexico"
BAJA CALIFORNIA SUR,OJO DE LIEBRE,"OJO DE LIEBRE, MEXICO",-114.0474499,27.7733047,"23940 ojo de liebre, b.c.s., mexico"
BAJA CALIFORNIA SUR,ENMEDIO,"ENMEDIO, MEXICO",-110.3666671,29.5666669,"84905 enmedio, son., mexico"
BAJA CALIFORNIA SUR,ISLA CERRALVO,"ISLA CERRALVO, MEXICO",-109.8901427,24.2341349,"isla cerralvo, baja california sur, mexico"
BAJA CALIFORNIA SUR,PUNTA EUGENIA,"PUNTA EUGENIA, MEXICO",-115.0819803,27.848089,"punta eugenia, 23952 bcs, mexico"
BAJA CALIFORNIA SUR,SAN CARLOS,"SAN CARLOS, MEXICO",-111.0370989,27.9617875,"85506 san carlos nuevo guaymas, sonora, mexico"
BAJA CALIFORNIA SUR,CARRIZALITO,"CARRIZALITO, MEXICO",-97.080435,15.8598184,"carrizalillo, 71983 puerto escondido, oax., mexico"
BAJA CALIFORNIA SUR,CENTENARIO,"CENTENARIO, MEXICO",-102.552784,23.634501,mexico
BAJA CALIFORNIA SUR,CHUPALODO,"CHUPALODO, MEXICO",-98.60132540000001,16.7321885,"41903 azoyú, guerrero, mexico"
BAJA CALIFORNIA SUR,DALITAR,"DALITAR, MEXICO",-102.552784,23.634501,mexico
BAJA CALIFORNIA SUR,EL BARRIL,"EL BARRIL, MEXICO",-94.9117873,17.819123,"96152 el barril, ver., mexico"
BAJA CALIFORNIA SUR,BAHIA TORTUGAS,"BAHIA TORTUGAS, MEXICO",-114.8966932,27.6936418,"23950 bahía tortugas, b.c.s., mexico"
BAJA CALIFORNIA SUR,SAN IGNACIO,"SAN IGNACIO, MEXICO",-112.8954541,27.2820675,"23930 san ignacio, bcs, mexico"
BAJA CALIFORNIA SUR,EL CARDONAL (EN LA PAZ),"EL CARDONAL (EN LA PAZ), MEXICO",-110.2988597,24.1093352,"el cardonal, 23080 la paz, b.c.s., mexico"
BAJA CALIFORNIA SUR,EL COLORADITO,"EL COLORADITO, MEXICO",-108.718051,25.506245,"81166 el coloradito, sin., mexico"
BAJA CALIFORNIA SUR,SAN JOSE DE GRACIA,"SAN JOSE DE GRACIA, MEXICO",-102.4129804,22.1475929,"20500 san josé de gracia, aguascalientes, mexico"
BAJA CALIFORNIA SUR,EL DELGADITO,"EL DELGADITO, MEXICO",-102.552784,23.634501,mexico
BAJA CALIFORNIA SUR,EL EQUIPALITO,"EL EQUIPALITO, MEXICO",-102.552784,23.634501,mexico
BAJA CALIFORNIA SUR,EL FARO,"EL FARO, MEXICO",-92.14789530000002,17.3132505,"29904 el faro, chis., mexico"
BAJA CALIFORNIA SUR,EL HORCONCITO,"EL HORCONCITO, MEXICO",-97.7438911,21.852743,"92094 horconcitos, ver., mexico"
BAJA CALIFORNIA SUR,EL JUNCALITO,"EL JUNCALITO, MEXICO",-111.314857,25.771423,"23895 juncalito, b.c.s., mexico"
BAJA CALIFORNIA SUR,EL MIGRINO,"EL MIGRINO, MEXICO",-110.0390150662429,23.1184983100646,"el migriño, baja california sur, mexico"
BAJA CALIFORNIA SUR,EL MOGOTE,"EL MOGOTE, MEXICO",-99.56472219999999,18.6827777,"40390 el mogote, gro., mexico"
BAJA CALIFORNIA SUR,EL PALMAR,"EL PALMAR, MEXICO",-97.42999999999999,20.6061099,"92907 el palmar, ver., mexico"
BAJA CALIFORNIA SUR,EL PORTUGES,"EL PORTUGES, MEXICO",-107.831023,24.751737,"80334 el portugués, sinaloa, mexico"
BAJA CALIFORNIA SUR,EL PORTUGUEZ,"EL PORTUGUEZ, MEXICO",-107.831023,24.751737,"80334 el portugués, sinaloa, mexico"
BAJA CALIFORNIA SUR,EL QUEEN,"EL QUEEN, MEXICO",-102.552784,23.634501,mexico
BAJA CALIFORNIA SUR,EL SALADITO,"EL SALADITO, MEXICO",-106.8486111,23.8699999,"82790 el saladito, sin., mexico"
BAJA CALIFORNIA SUR,EL SAUZOSO,"EL SAUZOSO, MEXICO",-110.6409557,24.3120257,"23203 la paz, bcs, mexico"
BAJA CALIFORNIA SUR,EL TECOLOTE,"EL TECOLOTE, MEXICO",-102.2466025,21.2009951,"47109 el tecolote, jalisco, mexico"
BAJA CALIFORNIA SUR,EL TIBURON,"EL TIBURON, MEXICO",-102.552784,23.634501,mexico
BAJA CALIFORNIA SUR,ENSENADA DE MUERTOS,"ENSENADA DE MUERTOS, MEXICO",-109.8267779,23.9942052,"23236 ensenada de muertos, b.c.s., mexico"
BAJA CALIFORNIA SUR,ENSENADA EL MUERTO,"ENSENADA EL MUERTO, MEXICO",-116.5963713,31.8667427,"ensenada, baja california, mexico"
BAJA CALIFORNIA SUR,EL PULGUERO,"EL PULGUERO, MEXICO",-102.552784,23.634501,mexico
BAJA CALIFORNIA SUR,LAS TIJERAS,"LAS TIJERAS, MEXICO",-102.7080555,21.4580555,"99936 las tijeras, zac., mexico"
BAJA CALIFORNIA SUR,SANTO DOMINGO,"SANTO DOMINGO, MEXICO",-99.1905974,19.4887086,"santo domingo, ciudad de méxico, cdmx, mexico"
BAJA CALIFORNIA SUR,ESTERO BUENAVISTA,"ESTERO BUENAVISTA, MEXICO",-96.1685247,19.1948121,"estero, buenavista, 91850 veracruz, ver., mexico"
BAJA CALIFORNIA SUR,ESTERO CANCUN,"ESTERO CANCUN, MEXICO",-86.8120972,21.1778827,"estero supermanzana 64, puerto juarez, 77525 cancún, q.r., mexico"
BAJA CALIFORNIA SUR,ESTERO EL CAREY,"ESTERO EL CAREY, MEXICO",-98.1058692,25.9935294,"estero, 88930 cdad. río bravo, tamps., mexico"
BAJA CALIFORNIA SUR,ESTERO EL CAYUCO,"ESTERO EL CAYUCO, MEXICO",-111.6821355,24.5831456,"23134 el cayuco, b.c.s., mexico"
BAJA CALIFORNIA SUR,ESTERO EL CHISGUETE,"ESTERO EL CHISGUETE, MEXICO",-102.552784,23.634501,mexico
BAJA CALIFORNIA SUR,ESTERO EL CURRY,"ESTERO EL CURRY, MEXICO",-98.1058692,25.9935294,"estero, 88930 cdad. río bravo, tamps., mexico"
BAJA CALIFORNIA SUR,ESTERO EL DATIL,"ESTERO EL DATIL, MEXICO",-112.912955,26.5326271,"23915 el dátil, bcs, mexico"
BAJA CALIFORNIA SUR,ESTERO EL DELGADITO,"ESTERO EL DELGADITO, MEXICO",-102.552784,23.634501,mexico
BAJA CALIFORNIA SUR,ESTERO EL GATO,"ESTERO EL GATO, MEXICO",-102.552784,23.634501,mexico
BAJA CALIFORNIA SUR,ESTERO EL OTATE,"ESTERO EL OTATE, MEXICO",-96.89567009999999,18.803359,"94955 el otate, ver., mexico"
BAJA CALIFORNIA SUR,ESTERO EL SOLDADO,"ESTERO EL SOLDADO, MEXICO",-110.9686563,27.9578084,"estero ""el soldado"", www.google.com/local/place/rap/edit/locationn carlos, blvr. bacochibampo, 85506 sahttps:, son., mexico"
BAJA CALIFORNIA SUR,ESTERO EL VENADO,"ESTERO EL VENADO, MEXICO",-102.552784,23.634501,mexico
BAJA CALIFORNIA SUR,ESTERO GRANDE,"ESTERO GRANDE, MEXICO",-98.3834768,21.7670117,"92405 estero grande, ver., mexico"
BAJA CALIFORNIA SUR,ESTERO HOMBRES SOLOS,"ESTERO HOMBRES SOLOS, MEXICO",-99.1913405,19.3082247,"el estero, insurgentes cuicuilco, 04530 ciudad de méxico, cdmx, mexico"
BAJA CALIFORNIA SUR,ESTERO LA HERRADURA,"ESTERO LA HERRADURA, MEXICO",-81.8067523,26.438136,"estero, fl, usa"
BAJA CALIFORNIA SUR,ESTERO LAGUNA MANUELA,"ESTERO LAGUNA MANUELA, MEXICO",-102.552784,23.634501,mexico
BAJA CALIFORNIA SUR,ESTERO LAS BALSAS,"ESTERO LAS BALSAS, MEXICO",-97.785313,20.703087,"73017 las balsas, pue., mexico"
BAJA CALIFORNIA SUR,ESTERO LAS VACAS,"ESTERO LAS VACAS, MEXICO",-101.2346014,29.2091014,"26314 las vacas, coah., mexico"
BAJA CALIFORNIA SUR,ESTERO LOS ISLOTES,"ESTERO LOS ISLOTES, MEXICO",-110.4025,24.5988889,"los islotes, mexico"
BAJA CALIFORNIA SUR,ESTERO MULEGE,"ESTERO MULEGE, MEXICO",-111.9835831,26.8922164,"23900 mulegé, bcs, mexico"
BAJA CALIFORNIA SUR,ESTERO RANCHO BUENO,"ESTERO RANCHO BUENO, MEXICO",-102.552784,23.634501,mexico
BAJA CALIFORNIA SUR,ESTERO SALINAS,"ESTERO SALINAS, MEXICO",-98.1265596,22.5196497,"esteros, tamaulipas, mexico"
BAJA CALIFORNIA SUR,ESTERO SAN CARLOS,"ESTERO SAN CARLOS, MEXICO",-111.0370989,27.9617875,"85506 san carlos nuevo guaymas, sonora, mexico"
BAJA CALIFORNIA SUR,ESTERO SAN IGNACIO,"ESTERO SAN IGNACIO, MEXICO",-112.8954541,27.2820675,"23930 san ignacio, bcs, mexico"
BAJA CALIFORNIA SUR,ESTERO SAN JORGE,"ESTERO SAN JORGE, MEXICO",-112.0749544,25.7257664,"23838 la poza grande, b.c.s., mexico"
BAJA CALIFORNIA SUR,ESTERO SAN JOSE,"ESTERO SAN JOSE, MEXICO",-109.6857461,23.050623,"blvd. antonio mijares s/n, campo de golf fonatur, 23400 san josé del cabo, b.c.s., mexico"
BAJA CALIFORNIA SUR,ESTERO SAN LAZARO,"ESTERO SAN LAZARO, MEXICO",-102.552784,23.634501,mexico
BAJA CALIFORNIA SUR,ESTERO SAN LUCAS,"ESTERO SAN LUCAS, MEXICO",-109.9682813,22.9051436,"del estero, los cangrejos ii y ìii, 23473 cabo san lucas, b.c.s., mexico"
BAJA CALIFORNIA SUR,ESTERO SAN RAFAEL,"ESTERO SAN RAFAEL, MEXICO",-99.1617888,19.4373262,"san rafael, 06470 mexico city, cdmx, mexico"
BAJA CALIFORNIA SUR,ESTERO SAN VICENTE,"ESTERO SAN VICENTE, MEXICO",-116.2477569,31.3250324,"22900 san vicente, b.c., mexico"
BAJA CALIFORNIA SUR,ESTERO SANTA ELENITA,"ESTERO SANTA ELENITA, MEXICO",-102.552784,23.634501,mexico
BAJA CALIFORNIA SUR,ESTERO SANTO DOMINGO,"ESTERO SANTO DOMINGO, MEXICO",-102.552784,23.634501,mexico
BAJA CALIFORNIA SUR,ESTERO UNA DE GATA,"ESTERO UNA DE GATA, MEXICO",-102.552784,23.634501,mexico
BAJA CALIFORNIA SUR,FARO SANTO DOMINGO,"FARO SANTO DOMINGO, MEXICO",-102.552784,23.634501,mexico
BAJA CALIFORNIA SUR,HORNITOS NUEVOS,"HORNITOS NUEVOS, MEXICO",-105.0323635,34.9727305,"new mexico, usa"
BAJA CALIFORNIA SUR,ISLA DE ASUNCION,"ISLA DE ASUNCION, MEXICO",-102.552784,23.634501,mexico
BAJA CALIFORNIA SUR,ISLA DE CEDROS,"ISLA DE CEDROS, MEXICO",-115.1927777,28.0955555,"22906 isla de cedros, b.c., mexico"
BAJA CALIFORNIA SUR,ISLA DEL CARMEN,"ISLA DEL CARMEN, MEXICO",-111.1533456,25.9774712,"isla del carmen, baja california sur, mexico"
BAJA CALIFORNIA SUR,ISLA ESPIRITU SANTO,"ISLA ESPIRITU SANTO, MEXICO",-110.3427968,24.467386,"isla espiritu santo, baja california sur, mexico"
BAJA CALIFORNIA SUR,ISLA MAGDALENA,"ISLA MAGDALENA, MEXICO",-112.1102335,25.3709787,"isla magdalena, baja california sur, mexico"
BAJA CALIFORNIA SUR,ISLA MARGARITA,"ISLA MARGARITA, MEXICO",-102.552784,23.634501,mexico
BAJA CALIFORNIA SUR,ISLA MONSERRAT,"ISLA MONSERRAT, MEXICO",-111.0341183,25.6799317,"isla monserrate, baja california sur, mexico"
BAJA CALIFORNIA SUR,ISLA MORENA,"ISLA MORENA, MEXICO",-110.9163889,25.2097222,"rocas moreno, baja california sur, mexico"
BAJA CALIFORNIA SUR,ISLA SAN ILDEFONSO,"ISLA SAN ILDEFONSO, MEXICO",-111.43,26.6322222,"isla san ildefonso, baja california sur, mexico"
BAJA CALIFORNIA SUR,ISLA SAN JOSE,"ISLA SAN JOSE, MEXICO",-110.628811,24.9710304,"isla san josé, baja california sur, mexico"
BAJA CALIFORNIA SUR,ISLA SANTA MARGARITA,"ISLA SANTA MARGARITA, MEXICO",-111.8210866,24.4336528,"isla santa margarita, baja california sur, mexico"
BAJA CALIFORNIA SUR,ISLOTE EL ALAMBRE,"ISLOTE EL ALAMBRE, MEXICO",-114.2261902,27.7466605,"islote el alambre, 23940 bcs, mexico"
BAJA CALIFORNIA SUR,ISLOTE LA PIEDRA,"ISLOTE LA PIEDRA, MEXICO",-114.1615504,27.7056435,"islote la piedra, 23940 bcs, mexico"
BAJA CALIFORNIA SUR,ISLOTE LOS GALLLEGOS,"ISLOTE LOS GALLLEGOS, MEXICO",-102.552784,23.634501,mexico
BAJA CALIFORNIA SUR,LA CUEVITA,"LA CUEVITA, MEXICO",-108.1984602,25.8565803,"81900 la cuevita, sin., mexico"
BAJA CALIFORNIA SUR,LA CURVA DEL DIABLO,"LA CURVA DEL DIABLO, MEXICO",-99.1900162,19.1099128,"4r55+xx, tlalpan, 14900 parres, cdmx, mexico"
BAJA CALIFORNIA SUR,LA LEONA,"LA LEONA, MEXICO",-101.1320114,25.9896903,"25914 la leona, coahuila, mexico"
BAJA CALIFORNIA SUR,LA PLAYITA,"LA PLAYITA, MEXICO",-93.3647182,17.9323114,"86556 benito juárez, tab., mexico"
BAJA CALIFORNIA SUR,LA POZA,"LA POZA, MEXICO",-110.2273739,23.4396696,"la poza, 23300 todos santos, b.c.s., mexico"
BAJA CALIFORNIA SUR,LA RAMADITA,"LA RAMADITA, MEXICO",-105.4369096,28.3739127,"33139 la enramadita, chihuahua, mexico"
BAJA CALIFORNIA SUR,LAGUNA DE SAN IGNACIO,"LAGUNA DE SAN IGNACIO, MEXICO",-113.1661111,26.8783333,"san ignacio lagoon, 23915 bcs, mexico"
BAJA CALIFORNIA SUR,LAGUNA MANUELA,"LAGUNA MANUELA, MEXICO",-114.0696131,28.2470453,"laguna manuela, mexico"
BAJA CALIFORNIA SUR,LAGUNA SAN IGNACIO,"LAGUNA SAN IGNACIO, MEXICO",-113.1661111,26.8783333,"san ignacio lagoon, 23915 bcs, mexico"
BAJA CALIFORNIA SUR,LAGUNA TLAQUE,"LAGUNA TLAQUE, MEXICO",-103.3118355,20.6396728,"san pedro tlaquepaque, jal., mexico"
BAJA CALIFORNIA SUR,LAGUNA TORTUGAS,"LAGUNA TORTUGAS, MEXICO",-96.1573786,19.16284,"laguna tortugas, coyol, 91779 veracruz, ver., mexico"
BAJA CALIFORNIA SUR,LAS AGUILAS,"LAS AGUILAS, MEXICO",-99.2040557,19.3614558,"las águilas, 01710 ciudad de méxico, cdmx, mexico"
BAJA CALIFORNIA SUR,LAS BOTELLAS,"LAS BOTELLAS, MEXICO",-102.552784,23.634501,mexico
BAJA CALIFORNIA SUR,SAN JORGE,"SAN JORGE, MEXICO",-93.2590214,18.2119042,"sgto. lópez 3ra. secc., tab., mexico"
BAJA CALIFORNIA SUR,LOMA AMARILLA,"LOMA AMARILLA, MEXICO",-105.45,28.0166667,"loma amarilla, 33645 chih., mexico"
BAJA CALIFORNIA SUR,COMONDU,"COMONDU, MEXICO",-111.8442001,26.0707889,"23820 comondú, b.c.s., mexico"
BAJA CALIFORNIA SUR,LOS HORNITOS,"LOS HORNITOS, MEXICO",-108.8205084,27.8779617,"33315 los hornitos, chih., mexico"
BAJA CALIFORNIA SUR,LOS INOCENTES,"LOS INOCENTES, MEXICO",-93.4906008,16.3954054,"30495 los inocentes, chis., mexico"
BAJA CALIFORNIA SUR,LOS MARROS,"LOS MARROS, MEXICO",-99.8030785,17.6866711,"39165 los morros, gro., mexico"
BAJA CALIFORNIA SUR,LOS PRADOS,"LOS PRADOS, MEXICO",-94.6392236,17.9771793,"96348 fraccionamiento los prados, ver., mexico"
BAJA CALIFORNIA SUR,LOS TRONCONES,"LOS TRONCONES, MEXICO",-103.2364026,20.3612649,"45850 los troncones, jalisco, mexico"
BAJA CALIFORNIA SUR,MARISCAL,"MARISCAL, MEXICO",-99.133208,19.4326077,"mexico city, cdmx, mexico"
BAJA CALIFORNIA SUR,MORRO LOS FRAILES,"MORRO LOS FRAILES, MEXICO",-98.9441993,20.2574139,"los frailes, actopan, hgo., mexico"
BAJA CALIFORNIA SUR,MORRO SANTO DOMINGO,"MORRO SANTO DOMINGO, MEXICO",-114.1239625,28.2550193,"morro santo domingo, baja california, mexico"
BAJA CALIFORNIA SUR,MUELLE DE PRODUCTO PESQUERO MATANCITAS,"MUELLE DE PRODUCTO PESQUERO MATANCITAS, MEXICO",-112.0017371,25.1421293,"23723 la matancita, b.c.s., mexico"
BAJA CALIFORNIA SUR,MUELLE DE PUERTO ADOLFO LOPEZ MATEOS,"MUELLE DE PUERTO ADOLFO LOPEZ MATEOS, MEXICO",-112.1117239,25.192398,"23710 puerto adolfo lópez mateos, b.c.s., mexico"
BAJA CALIFORNIA SUR,MULEGE,"MULEGE, MEXICO",-111.9835831,26.8922164,"23900 mulegé, bcs, mexico"
BAJA CALIFORNIA SUR,PAILABOTE,"PAILABOTE, MEXICO",-102.552784,23.634501,mexico
BAJA CALIFORNIA SUR,PAREDON AMARILLO,"PAREDON AMARILLO, MEXICO",-97.78450959999999,17.6300172,"69205 el paredón amarillo, oaxaca, mexico"
BAJA CALIFORNIA SUR,PICHILINGUE,"PICHILINGUE, MEXICO",-110.3331155,24.2735743,"23208 pichilingue, bcs, mexico"
BAJA CALIFORNIA SUR,PORVENIR,"PORVENIR, MEXICO",-99.1463071,19.4703294,"porvenir, ciudad de méxico, cdmx, mexico"
BAJA CALIFORNIA SUR,ALBERTO ANDRES ALVARADO ARAMBURO,"ALBERTO ANDRES ALVARADO ARAMBURO, MEXICO",-102.552784,23.634501,mexico
BAJA CALIFORNIA SUR,PTO CANCUN,"PTO CANCUN, MEXICO",-86.8085392,21.1602782,"puerto juarez, 77500 puerto cancún, quintana roo, mexico"
BAJA CALIFORNIA SUR,PUERTO ALMEJA,"PUERTO ALMEJA, MEXICO",-102.552784,23.634501,mexico
BAJA CALIFORNIA SUR,PUERTO ASTORGA,"PUERTO ASTORGA, MEXICO",-102.552784,23.634501,mexico
BAJA CALIFORNIA SUR,PUERTO CANCUN,"PUERTO CANCUN, MEXICO",-86.8085392,21.1602782,"puerto juarez, 77500 puerto cancún, quintana roo, mexico"
BAJA CALIFORNIA SUR,PUERTO CORTEZ,"PUERTO CORTEZ, MEXICO",-111.8219444,24.4777777,"23750 puerto cortés, bcs, mexico"
BAJA CALIFORNIA SUR,PUERTO ESCONDIDO,"PUERTO ESCONDIDO, MEXICO",-97.0767365,15.8719795,"puerto escondido, oaxaca, mexico"
BAJA CALIFORNIA SUR,GUERRERO NEGRO,"GUERRERO NEGRO, MEXICO",-114.056646,27.9591758,"23940 guerrero negro, bcs, mexico"
BAJA CALIFORNIA SUR,PUERTO SAN ANDRESITO,"PUERTO SAN ANDRESITO, MEXICO",-95.18384119999999,17.6679523,"96145 san andresito, ver., mexico"
BAJA CALIFORNIA,PUERTO VIEJO,"PUERTO VIEJO, MEXICO",-99.1311178,19.4999861,"c. porto viejo, lindavista nte., 07300 ciudad de méxico, cdmx, mexico"
BAJA CALIFORNIA SUR,PUNTA ALGUATE,"PUNTA ALGUATE, MEXICO",-107.3363963,24.5218517,"80419 el alhuate, sin., mexico"
BAJA CALIFORNIA SUR,SANTA ROSA,"SANTA ROSA, MEXICO",-90.0886111,20.6061112,"97804 santa rosa, yuc., mexico"
BAJA CALIFORNIA SUR,PUNTA ARENA,"PUNTA ARENA, MEXICO",-109.8721972,22.9083312,"23467 punta arena, bcs, mexico"
BAJA CALIFORNIA SUR,PUNTA BALLENAS,"PUNTA BALLENAS, MEXICO",-102.552784,23.634501,mexico
BAJA CALIFORNIA SUR,PUNTA BENTONITA,"PUNTA BENTONITA, MEXICO",-102.552784,23.634501,mexico
BAJA CALIFORNIA SUR,PUNTA BOCA DE SAN BRUNO,"PUNTA BOCA DE SAN BRUNO, MEXICO",-112.1586111,27.1602777,"23910 san bruno, bcs, mexico"
BAJA CALIFORNIA SUR,PUNTA BOTELLA,"PUNTA BOTELLA, MEXICO",-102.552784,23.634501,mexico
BAJA CALIFORNIA SUR,PUNTA CANDELEROS,"PUNTA CANDELEROS, MEXICO",-116.924425,32.4929705,"punta candeleros, guaycura, 22216 tijuana, b.c., mexico"
BAJA CALIFORNIA SUR,PUNTA CHOROS,"PUNTA CHOROS, MEXICO",-102.552784,23.634501,mexico
BAJA CALIFORNIA SUR,PUNTA CLAM BAY,"PUNTA CLAM BAY, MEXICO",-102.552784,23.634501,mexico
BAJA CALIFORNIA SUR,PUNTA CONEJO,"PUNTA CONEJO, MEXICO",-95.2505,16.1373909,"punta conejo, oaxaca, mexico"
BAJA CALIFORNIA SUR,PUNTA CONO,"PUNTA CONO, MEXICO",-114.5840291,28.967482,"punta cono, baja california, mexico"
BAJA CALIFORNIA SUR,PUNTA COYOTE II,"PUNTA COYOTE II, MEXICO",-110.6961553,24.7018189,"23143 punta coyote, b.c.s., mexico"
BAJA CALIFORNIA SUR,PUNTA EL LEON,"PUNTA EL LEON, MEXICO",-96.80160959999999,19.0671759,"94223 el león, ver., mexico"
BAJA CALIFORNIA SUR,PUNTA ELEFANTE,"PUNTA ELEFANTE, MEXICO",-102.552784,23.634501,mexico
BAJA CALIFORNIA SUR,SANTA ROSALIA,"SANTA ROSALIA, MEXICO",-112.2701486,27.3361939,"23920 santa rosalía, bcs, mexico"
BAJA CALIFORNIA SUR,PUNTA GRANDE,"PUNTA GRANDE, MEXICO",-104.2846577,19.0469141,"punta grande, 28237 manzanillo, col., mexico"
BAJA CALIFORNIA SUR,PUNTA GUADALUPE,"PUNTA GUADALUPE, MEXICO",-102.552784,23.634501,mexico
BAJA CALIFORNIA SUR,PUNTA LA GALLINITA,"PUNTA LA GALLINITA, MEXICO",-102.552784,23.634501,mexico
BAJA CALIFORNIA SUR,PUNTA LOBOS,"PUNTA LOBOS, MEXICO",-110.2313313,23.4142703,"punta lobos, todos santos, la paz-todos los santos, 23362 todos santos, b.c.s., mexico"
BAJA CALIFORNIA SUR,PUNTA LOS TULES,"PUNTA LOS TULES, MEXICO",-102.4766666,18.8580555,"60724 los tules, mich., mexico"
BAJA CALIFORNIA SUR,PUNTA MALARRIMO,"PUNTA MALARRIMO, MEXICO",-102.552784,23.634501,mexico
BAJA CALIFORNIA SUR,PUNTA MARQUEZ,"PUNTA MARQUEZ, MEXICO",-110.8739622,23.9556054,"el tómale, b.c.s., mexico"
BAJA CALIFORNIA SUR,PUNTA PAREDONES PRIETOS,"PUNTA PAREDONES PRIETOS, MEXICO",-110.2177989,24.3080589,"punta paredones prietos, 23200 bcs, mexico"
BAJA CALIFORNIA SUR,PUNTA PILITAS,"PUNTA PILITAS, MEXICO",-105.2376356,20.5990452,"pilitas, zona romántica, amapas, 48399 puerto vallarta, jal., mexico"
BAJA CALIFORNIA SUR,PUNTA QUEBRADA,"PUNTA QUEBRADA, MEXICO",-114.9903558,27.7294997,"23952 punta quebrada, b.c.s., mexico"
BAJA CALIFORNIA SUR,PUNTA SALINAS,"PUNTA SALINAS, MEXICO",-102.552784,23.634501,mexico
BAJA CALIFORNIA SUR,PUNTA SAN CARLOS,"PUNTA SAN CARLOS, MEXICO",-115.4997222,29.6177777,"22967 punta san carlos, baja california, mexico"
BAJA CALIFORNIA SUR,PUNTA SAN LUCAS,"PUNTA SAN LUCAS, MEXICO",-102.552784,23.634501,mexico
BAJA CALIFORNIA SUR,PUNTA SAN ROQUE,"PUNTA SAN ROQUE, MEXICO",-116.5684793,31.8886211,"punta san roque, popular 1989, 22812 ensenada, b.c., mexico"
BAJA CALIFORNIA SUR,PUNTA SANTA ANA,"PUNTA SANTA ANA, MEXICO",-102.552784,23.634501,mexico
BAJA CALIFORNIA SUR,PUNTA SANTA MARIA,"PUNTA SANTA MARIA, MEXICO",-105.9522294,28.670263,"punta sta. maría, 31385 chihuahua, chih., mexico"
BAJA CALIFORNIA SUR,PUNTA TRINIDAD,"PUNTA TRINIDAD, MEXICO",-102.552784,23.634501,mexico
BAJA CALIFORNIA SUR,PUNTA VERDE II,"PUNTA VERDE II, MEXICO",-94.5451645,18.1258214,"punta verde, 96343 punta verde, ver., mexico"
BAJA CALIFORNIA SUR,PURTO ARGUDIN,"PURTO ARGUDIN, MEXICO",-111.799567,24.578448,"23749 puerto argudin, b.c.s., mexico"
BAJA CALIFORNIA SUR,RODRIGUEZ,"RODRIGUEZ, MEXICO",-102.552784,23.634501,mexico
BAJA CALIFORNIA SUR,SAN ANDRESITO,"SAN ANDRESITO, MEXICO",-95.18384119999999,17.6679523,"96145 san andresito, ver., mexico"
BAJA CALIFORNIA SUR,SAN BUTO,"SAN BUTO, MEXICO",-112.04584,24.7609351,"23740 san buto, b.c.s., mexico"
BAJA CALIFORNIA SUR,SAN CARLITOS,"SAN CARLITOS, MEXICO",-98.09194339999999,22.479966,"89640 san carlitos, tamps., mexico"
BAJA CALIFORNIA SUR,SAN JOSE DEL CABO,"SAN JOSE DEL CABO, MEXICO",-109.7024376,23.0636562,"san josé del cabo, bcs, mexico"
BAJA CALIFORNIA SUR,SAN JUANICO,"SAN JUANICO, MEXICO",-112.4812989,26.2568056,"23812 san juanico, bcs, mexico"
BAJA CALIFORNIA SUR,SAN JUANICO II,"SAN JUANICO II, MEXICO",-112.4812989,26.2568056,"23812 san juanico, bcs, mexico"
BAJA CALIFORNIA SUR,SAN LAZARO,"SAN LAZARO, MEXICO",-99.0398907,19.3125923,"san lázaro, la estación, 13319 ciudad de méxico, cdmx, mexico"
BAJA CALIFORNIA SUR,ISLA SAN MARCO,"ISLA SAN MARCO, MEXICO",-112.0800533,27.1880661,"23910 isla san marcos, b.c.s., mexico"
BAJA CALIFORNIA SUR,SAN MATEO,"SAN MATEO, MEXICO",-99.6092702,19.2587876,"san mateo, metepec, méx., mexico"
BAJA CALIFORNIA SUR,SAN RAFAEL,"SAN RAFAEL, MEXICO",-99.1617888,19.4373262,"san rafael, 06470 mexico city, cdmx, mexico"
BAJA CALIFORNIA SUR,SANTA ELENITA,"SANTA ELENITA, MEXICO",-99.15253399999999,19.6726391,"santa elena, cuautitlán, méx., mexico"
BAJA CALIFORNIA SUR,SANTA ROSALIITA,"SANTA ROSALIITA, MEXICO",-114.2369444,28.6686111,"22995 santa rosaliíta, b.c., mexico"
BAJA CALIFORNIA SUR,TEMBABICHE,"TEMBABICHE, MEXICO",-110.9507227,25.2567641,"23898 loreto, bcs, mexico"
CAMPECHE,7 DE AGOSTO,"7 DE AGOSTO, MEXICO",-102.552784,23.634501,mexico
CAMPECHE,ARROYO GRANDE,"ARROYO GRANDE, MEXICO",-97.10639379999999,20.4826857,"93550 arroyo grande, ver., mexico"
CAMPECHE,ATRACADERO EL PON,"ATRACADERO EL PON, MEXICO",-99.0817891,19.4727547,"atracadero, 07950 ciudad de méxico, cdmx, mexico"
CAMPECHE,AVENIDA REVOLUCION,"AVENIDA REVOLUCION, MEXICO",-99.1881899,19.3715136,"av. revolución, ciudad de méxico, cdmx, mexico"
CAMPECHE,BAHAMITA,"BAHAMITA, MEXICO",-91.7151859,18.6905851,"playa bahamita, campeche, mexico"
CAMPECHE,BAHIA AGIABAMPO,"BAHIA AGIABAMPO, MEXICO",-106.3842168,23.2388391,"bahía agiabampo, rincón de urias, 82070 mazatlán, sin., mexico"
CAMPECHE,CAMINO REAL,"CAMINO REAL, MEXICO",-102.552784,23.634501,mexico
CAMPECHE,LOMAS LIMPIA,"LOMAS LIMPIA, MEXICO",-97.92538739999999,21.5598106,"92088 lomas limpias, ver., mexico"
CAMPECHE,SAN FRANCISCO DE CAMPECHE,"SAN FRANCISCO DE CAMPECHE, MEXICO",-90.5349087,19.8301251,"campeche, mexico"
CAMPECHE,CANDELARIA,"CANDELARIA, MEXICO",-90.6773046,18.1416823,"candelaria municipality, campeche, mexico"
CAMPECHE,CONSERVAS CAMPECHE,"CONSERVAS CAMPECHE, MEXICO",-90.5349087,19.8301251,"campeche, mexico"
CAMPECHE,CIUDAD DEL CARMEN,"CIUDAD DEL CARMEN, MEXICO",-91.80745859999999,18.6504879,"ciudad del carmen, campeche, mexico"
CAMPECHE,COLONIA EMILIANO ZAPATA,"COLONIA EMILIANO ZAPATA, MEXICO",-105.2197222,21.8286111,"63552 col. emiliano zapata, nay., mexico"
CAMPECHE,UNIDAD PESQUERA DE LERMA,"UNIDAD PESQUERA DE LERMA, MEXICO",-99.5117391,19.2895865,"lerma de villada, state of mexico, mexico"
CAMPECHE,COSTAS DE VILLA MADERO,"COSTAS DE VILLA MADERO, MEXICO",-101.2835572,19.3913754,"58480 villa madero, michoacán, mexico"
CAMPECHE,SEYBAPLAYA,"SEYBAPLAYA, MEXICO",-90.6876356,19.6392039,"24460 seybaplaya, camp., mexico"
CAMPECHE,DARSENA DE SAN FRANCISCO,"DARSENA DE SAN FRANCISCO, MEXICO",-90.5229763,19.8553315,"dársena de san francisco, área ah, 24014 san francisco de campeche, camp., mexico"
CAMPECHE,EJIDO CANASAYAB,"EJIDO CANASAYAB, MEXICO",-90.5652777,19.2977777,"24402 canasayab, campeche, mexico"
CAMPECHE,EJIDO LAZARO CARDENAS,"EJIDO LAZARO CARDENAS, MEXICO",-117.0073161,32.4350461,"ejido lazaro cardenas, la joya, b.c., mexico"
CAMPECHE,EJIDO REFORMA AGRARIA,"EJIDO REFORMA AGRARIA, MEXICO",-100.8244745,20.503545,"ejido de la reforma agraria, ejidal, 38098 celaya, gto., mexico"
CAMPECHE,EL PASO,"EL PASO, MEXICO",-102.552784,23.634501,mexico
CAMPECHE,YUCALPETEN,"YUCALPETEN, MEXICO",-89.6604593,20.9771516,"yucalpetén, mérida, yuc., mexico"
CAMPECHE,VENUSTIANO CARRANZA,"VENUSTIANO CARRANZA, MEXICO",-99.0949899,19.4306069,"venustiano carranza, mexico city, cdmx, mexico"
CAMPECHE,FRENTE A NELSON,"FRENTE A NELSON, MEXICO",-102.552784,23.634501,mexico
CAMPECHE,HOTEL DEBLIZ,"HOTEL DEBLIZ, MEXICO",-90.5134506,19.8613052,"gustavo díaz ordaz 55, barrio de la ermita, 24020 san francisco de campeche, camp., mexico"
CAMPECHE,SECUNDARIA TECNICA PESQUERA DE LERMA,"SECUNDARIA TECNICA PESQUERA DE LERMA, MEXICO",-99.5117391,19.2895865,"lerma de villada, state of mexico, mexico"
CAMPECHE,KILA,"KILA, MEXICO",-102.552784,23.634501,mexico
CAMPECHE,LA CALETA,"LA CALETA, MEXICO",-102.552784,23.634501,mexico
CAMPECHE,LA CORRIENTE,"LA CORRIENTE, MEXICO",-102.552784,23.634501,mexico
CAMPECHE,LA PUNTILLA,"LA PUNTILLA, MEXICO",-98.77860419999999,21.9895885,"79220 la puntilla, san luis potosi, mexico"
CAMPECHE,LERMA,"LERMA, MEXICO",-99.5117391,19.2895865,"lerma de villada, state of mexico, mexico"
CAMPECHE,PALIZADA,"PALIZADA, MEXICO",-92.0914799,18.2545777,"24200 palizada, campeche, mexico"
CAMPECHE,SAN ROMAN,"SAN ROMAN, MEXICO",-90.54639340000001,19.8379123,"barrio de san román, 24040 san francisco de campeche, camp., mexico"
CAMPECHE,MALECON,"MALECON, MEXICO",-86.825015,21.1373256,"supermanzana 8, malecón, cancún, q.r., mexico"
CAMPECHE,MALECON FRENTE A LA PLAZA 4 DE OCTUBRE,"MALECON FRENTE A LA PLAZA 4 DE OCTUBRE, MEXICO",-90.5271422,19.8562651,"plaza 4 de octubre, área ah, 24014 san francisco de campeche, camp., mexico"
CAMPECHE,SANSORES PEREZ,"SANSORES PEREZ, MEXICO",-99.0860909,19.351201,"sansores pérez, lomas el manto, ciudad de méxico, cdmx, mexico"
CAMPECHE,MANIGUA,"MANIGUA, MEXICO",-91.8184256,18.6340589,"manigua, cdad. del carmen, camp., mexico"
CAMPECHE,MERCADO PUBLICO,"MERCADO PUBLICO, MEXICO",-102.552784,23.634501,mexico
CAMPECHE,MODULO PESQUERO,"MODULO PESQUERO, MEXICO",-102.552784,23.634501,mexico
CAMPECHE,MUELLE DE LA POLICIA,"MUELLE DE LA POLICIA, MEXICO",-102.552784,23.634501,mexico
CAMPECHE,MUELLE DE SAN FRANCISCO,"MUELLE DE SAN FRANCISCO, MEXICO",-102.552784,23.634501,mexico
CAMPECHE,PARQUE INDUSTRIAL PESQUERO DE LERMA,"PARQUE INDUSTRIAL PESQUERO DE LERMA, MEXICO",-99.5117391,19.2895865,"lerma de villada, state of mexico, mexico"
CAMPECHE,PARAISO,"PARAISO, MEXICO",-93.2127162,18.4006144,"paraíso, tabasco, mexico"
CAMPECHE,CIUDAD DEL SOL,"CIUDAD DEL SOL, MEXICO",-90.70305549999999,19.4777777,"24459 cdad. del sol, camp., mexico"
CAMPECHE,PLAYA MARINA,"PLAYA MARINA, MEXICO",-102.552784,23.634501,mexico
CAMPECHE,PLAYA PARAISO,"PLAYA PARAISO, MEXICO",-87.4313049,20.2035294,"paradise beach, quintana roo, mexico"
CAMPECHE,PLAYA VILLAMAR,"PLAYA VILLAMAR, MEXICO",-97.23450199999999,20.834183,"playa villamar, 92775 villa mar chile frío, ver., mexico"
CAMPECHE,INDUSTRIAL PESQUERO LAGUNA AZUL,"INDUSTRIAL PESQUERO LAGUNA AZUL, MEXICO",-110.2608821,24.1564728,"laguna azul, 23038 la paz, b.c.s., mexico"
CAMPECHE,PUERTO DE ABRIGO,"PUERTO DE ABRIGO, MEXICO",-90.4025051,20.8496062,"puerto abrigo, 97367 celestún, yucatan, mexico"
CAMPECHE,PUERTO INDUSTRIAL PESQUERO DE CHAMPOTON,"PUERTO INDUSTRIAL PESQUERO DE CHAMPOTON, MEXICO",-90.7200237,19.3471645,"24400 champoton, campeche, mexico"
CAMPECHE,RIBERA DE SAN EDUARDO,"RIBERA DE SAN EDUARDO, MEXICO",-117.0543995,32.4110655,"colinas de aragon, 22705 playas de rosarito, b.c., mexico"
CAMPECHE,SONDA DE CAMPECHE,"SONDA DE CAMPECHE, MEXICO",-90.5349087,19.8301251,"campeche, mexico"
TAMPICO,TAMPICO,"TAMPICO, MEXICO",-97.861099,22.2331041,"tampico, tamaulipas, mexico"
VERACRUZ,VERACRUZ,"VERACRUZ, MEXICO",-96.1342241,19.173773,"heroica veracruz, ver., mexico"
JALISCO,AJIJIC,"AJIJIC, MEXICO",-103.2637074,20.2996995,"ajijic, jalisco, mexico"
JALISCO,ARROYO AGUA BLANCA,"ARROYO AGUA BLANCA, MEXICO",-96.8732744,17.2858393,"arroyo agua blanca, 68220 oax., mexico"
JALISCO,HOTEL ROSITA,"HOTEL ROSITA, MEXICO",-105.2328312,20.6148094,"paseo díaz ordaz 901, centro, 48300 puerto vallarta, jal., mexico"
JALISCO,BAHIA DE BANDERAS,"BAHIA DE BANDERAS, MEXICO",-105.2480864,20.8074834,"bahía de banderas, nayarit, mexico"
JALISCO,BAHIA DE CHAMELA,"BAHIA DE CHAMELA, MEXICO",-105.0733906,19.5276276,"bahía de chamela, 48869 jal., mexico"
JALISCO,BAHIA DE CHIMO,"BAHIA DE CHIMO, MEXICO",-105.5919887,20.4714567,"chimo, jal., mexico"
JALISCO,BAHIA DE MELAQUE,"BAHIA DE MELAQUE, MEXICO",-104.7137463,19.2223387,"legazpi 5, centro, 48980 san patricio, jal., mexico"
JALISCO,BAHIA DE NAVIDAD,"BAHIA DE NAVIDAD, MEXICO",-106.1405009,28.6759098,"bahía de navidad, 31123 chihuahua, chih., mexico"
JALISCO,BAHIA DE TEHUAMIXTLE,"BAHIA DE TEHUAMIXTLE, MEXICO",-105.575607,20.2383053,"tehualmixtle, jal., mexico"
JALISCO,BAHIA DE TENACATITA,"BAHIA DE TENACATITA, MEXICO",-105.2284329,20.6870668,"bahía de tenacatita, parque las palmas, 48317 puerto vallarta, jal., mexico"
JALISCO,BAHIA DE YELAPA,"BAHIA DE YELAPA, MEXICO",-105.4455233,20.4876867,"marlin 36, el cerrito, 48440 yelapa, jal., mexico"
JALISCO,BAHIA LOS PEINES Y EL SALADO,"BAHIA LOS PEINES Y EL SALADO, MEXICO",-107.16118,24.508593,"80440 el salado, sin., mexico"
JALISCO,BARRANQUILLA,"BARRANQUILLA, MEXICO",-99.1978536,19.4052213,"barranquilla, ciudad de méxico, cdmx, mexico"
JALISCO,RIO CUIXMALA,"RIO CUIXMALA, MEXICO",-104.9651737914264,19.41518757306459,"rio cuixmala, jalisco, mexico"
JALISCO,BOCA NEGRA,"BOCA NEGRA, MEXICO",-99.1830662,19.4615268,"bocanegra, ciudad de méxico, cdmx, mexico"
JALISCO,BOQUILLA DE ZARAGOZA,"BOQUILLA DE ZARAGOZA, MEXICO",-103.2005407,22.173247,"la boquilla de zaragoza, jal., mexico"
JALISCO,AGUA ZARCA,"AGUA ZARCA, MEXICO",-99.09472219999999,21.2180555,"76392 agua zarca, qro., mexico"
JALISCO,BORDO DON GIL,"BORDO DON GIL, MEXICO",-104.1957076,20.231749400000002,"bordo don gil (copales), carretera a, 48577 tenamaxtlán, jal., mexico"
JALISCO,BORDO EL CANAL,"BORDO EL CANAL, MEXICO",-97.4929173,19.9516169,"73905 el canal, pue., mexico"
JALISCO,BORDO EL CASTILLO,"BORDO EL CASTILLO, MEXICO",-102.552784,23.634501,mexico
JALISCO,BORDO EL REPARO,"BORDO EL REPARO, MEXICO",-102.0496931,21.7896447,"47506 el reparo, jal., mexico"
JALISCO,BORDO HUATEPIQUE,"BORDO HUATEPIQUE, MEXICO",-102.552784,23.634501,mexico
JALISCO,BORDO HUEJOTITLAN,"BORDO HUEJOTITLAN, MEXICO",-106.1811164,27.0557834,"33540 huejotitán, chihuahua, mexico"
JALISCO,BORDO LOS ZAPOTITOS,"BORDO LOS ZAPOTITOS, MEXICO",-103.203373,22.5261836,"los zapotitos, 99580 zac., mexico"
JALISCO,BORDO RUIZ CORTINEZ,"BORDO RUIZ CORTINEZ, MEXICO",-99.0368458,19.2886202,"ruiz cortinez, 13360 ciudad de méxico, cdmx, mexico"
JALISCO,BORDO SAN JOAQUIN,"BORDO SAN JOAQUIN, MEXICO",-103.87273,20.4277992,"presa pedro virgen, 48525 jal., mexico"
JALISCO,CHALPICOTE,"CHALPICOTE, MEXICO",-102.9158759,20.3100474,"45967 chalpicote, jalisco, mexico"
JALISCO,CHAPALA,"CHAPALA, MEXICO",-103.1846016,20.3051576,"chapala, jalisco, mexico"
JALISCO,CORRALES,"CORRALES, MEXICO",-98.9996138,19.3344769,"c. corrales, ixtlahuacan, 09696 ciudad de méxico, cdmx, mexico"
JALISCO,DEGOLLADO,"DEGOLLADO, MEXICO",-102.1318294,20.4488974,"47980 degollado, jalisco, mexico"
JALISCO,DESAGUE,"DESAGUE, MEXICO",-101.7086086,20.9553617,"el desagüe, gto., mexico"
JALISCO,EJIDO MODELO,"EJIDO MODELO, MEXICO",-100.3908502,20.5887722,"ejido modelo, centro, 76000 santiago de querétaro, qro., mexico"
JALISCO,EL CORRAL,"EL CORRAL, MEXICO",-96.8930555,18.0233333,"68583 el corral, oaxaca, mexico"
JALISCO,EL EMBARCADERO,"EL EMBARCADERO, MEXICO",-100.0016666,16.9641666,"40985 el embarcadero, guerrero, mexico"
JALISCO,EL FARITO,"EL FARITO, MEXICO",-96.45387249999999,18.7660093,"94995 el farito, ver., mexico"
JALISCO,EL FUERTE,"EL FUERTE, MEXICO",-108.6145938,26.417632,"81820 el fuerte, sinaloa, mexico"
JALISCO,EL MALECON,"EL MALECON, MEXICO",-110.9666836,29.0712618,"el malecon, hermosillo, son., mexico"
JALISCO,EL MEZQUITAN,"EL MEZQUITAN, MEXICO",-103.3543969,20.695822,"mezquitan, 44260 guadalajara, jal., mexico"
JALISCO,EL MOGOTE,"EL MOGOTE, MEXICO",-99.56472219999999,18.6827777,"40390 el mogote, gro., mexico"
JALISCO,EL MUEY,"EL MUEY, MEXICO",-103.2180149,20.5056611,"45683 el muey, jalisco, mexico"
JALISCO,EL PRETIL,"EL PRETIL, MEXICO",-98.60577459999999,21.6255442,"92079 el pretil, ver., mexico"
JALISCO,EL PROGRESO,"EL PROGRESO, MEXICO",-91.86910519999999,17.2808754,"29968 el progreso, chis., mexico"
JALISCO,EL SALADO,"EL SALADO, MEXICO",-107.16118,24.508593,"80440 el salado, sin., mexico"
JALISCO,EL VALLE,"EL VALLE, MEXICO",-99.16498910000001,19.3817299,"del valle, mexico city, cdmx, mexico"
JALISCO,EL LIMON,"EL LIMON, MEXICO",-104.016667,19.75,"48763 el limón, jalisco, mexico"
JALISCO,LA YESCA,"LA YESCA, MEXICO",-104.0101271,21.3182152,"63580 la yesca, nayarit, mexico"
JALISCO,CUITZEO,"CUITZEO, MEXICO",-101.1419185,19.9694366,"58840 cuitzeo, michoacán, mexico"
JALISCO,ESTANQUE DE LA MORA,"ESTANQUE DE LA MORA, MEXICO",-102.552784,23.634501,mexico
JALISCO,ESTANQUE LOMA DEL AIRE,"ESTANQUE LOMA DEL AIRE, MEXICO",-101.9091664,21.1554155,"47580 loma del aire, jal., mexico"
JALISCO,ESTERO AGUA DULCE,"ESTERO AGUA DULCE, MEXICO",-97.2922284,20.3639274,"93535 agua dulce, ver., mexico"
JALISCO,ESTERO BECERRA,"ESTERO BECERRA, MEXICO",-98.1265596,22.5196497,"esteros, tamaulipas, mexico"
JALISCO,ESTERO BOCA DE TOMATES,"ESTERO BOCA DE TOMATES, MEXICO",-105.2739745,20.6704355,"boca de tomates, jal., mexico"
JALISCO,ESTERO EL CHORRO,"ESTERO EL CHORRO, MEXICO",-105.3994444,19.8925,"estero el chorro, 48456 jal., mexico"
JALISCO,ESTERO EL ERMITANO,"ESTERO EL ERMITANO, MEXICO",-105.4727138,19.9772864,"estero el ermitano, jalisco, mexico"
JALISCO,ESTERO LA SABANITA,"ESTERO LA SABANITA, MEXICO",-106.4177672,23.2277534,"estero, mazatlán, sin., mexico"
JALISCO,ESTERO MAJAHUAS,"ESTERO MAJAHUAS, MEXICO",-105.369575,19.8445973,"estero majahuas, 48481 jal., mexico"
JALISCO,MESA DE FLORES,"MESA DE FLORES, MEXICO",-103.3758333,22.1074999,"46210 mesa de flores, jal., mexico"
JALISCO,JAMAY,"JAMAY, MEXICO",-102.7106394,20.2960475,"jamay, jalisco, mexico"
JALISCO,LA ALAMEDA,"LA ALAMEDA, MEXICO",-99.9774233,19.5100186,"50997 la alameda, méx., mexico"
JALISCO,LA ASUNCION,"LA ASUNCION, MEXICO",-99.0923614,19.3640218,"la asunción, 09000 ciudad de méxico, cdmx, mexico"
JALISCO,LA CUESTA,"LA CUESTA, MEXICO",-108.5798494,26.1045007,"81965 la cuesta, sin., mexico"
JALISCO,LA PALAPA,"LA PALAPA, MEXICO",-107.3782367,24.7386122,"80294 la palapa, sin., mexico"
JALISCO,LA TUNA,"LA TUNA, MEXICO",-107.1477136,25.696004,"80627 la tuna, sin., mexico"
JALISCO,LA ZAPOTERA,"LA ZAPOTERA, MEXICO",-102.898231,20.3069106,"45967 la zapotera, jal., mexico"
JALISCO,BARRA DE NAVIDAD,"BARRA DE NAVIDAD, MEXICO",-104.6826949,19.2081099,"48987 barra de navidad, jalisco, mexico"
JALISCO,CAJITITLAN,"CAJITITLAN, MEXICO",-103.3088801,20.4312277,"45670 cajititlán, jalisco, mexico"
JALISCO,XOLA PARAMAN,"XOLA PARAMAN, MEXICO",-99.1544945,19.3958695,"xola, ciudad de méxico, cdmx, mexico"
JALISCO,SAYULA,"SAYULA, MEXICO",-103.5986529,19.8786995,"sayula, jalisco, mexico"
JALISCO,ZAPOTLAN EL GRANDE,"ZAPOTLAN EL GRANDE, MEXICO",-103.464722,19.703611,"49000 zapotlán el grande, jalisco, mexico"
JALISCO,LAGUNA DE ZAPOTLAN,"LAGUNA DE ZAPOTLAN, MEXICO",-103.4800805,19.7624464,"laguna zapotlan, jalisco, mexico"
JALISCO,LAGUNA EL CAPULIN,"LAGUNA EL CAPULIN, MEXICO",-102.552784,23.634501,mexico
JALISCO,LAGUNA EL TECUAN,"LAGUNA EL TECUAN, MEXICO",-103.7312798,20.3167076,"45744 el tecuan, jalisco, mexico"
JALISCO,LAGUNA GOMEZ FARIAS,"LAGUNA GOMEZ FARIAS, MEXICO",-99.1479371,23.0303212,"89780 gómez farías, tamaulipas, mexico"
JALISCO,LAS BARRANCAS,"LAS BARRANCAS, MEXICO",-112.1977777,26.0011111,"23834 las barrancas, b.c.s., mexico"
JALISCO,LOS ARRAYANES,"LOS ARRAYANES, MEXICO",-105.1134702,22.099393,"63635 los arrayanes, nay., mexico"
JALISCO,LOS CERRITOS,"LOS CERRITOS, MEXICO",-110.1763091,23.3335402,"23361 los cerritos, b.c.s., mexico"
JALISCO,MARGEN DE LA PRESA,"MARGEN DE LA PRESA, MEXICO",-101.2509623,21.0036856,"barrio de la presa, guanajuato, gto., mexico"
JALISCO,CHALACATEPEC,"CHALACATEPEC, MEXICO",-105.2622222,19.6977777,"48495 chalacatepec, jalisco, mexico"
JALISCO,MEZCALA,"MEZCALA, MEXICO",-103.012368,20.335068,"45970 mezcala, jal., mexico"
JALISCO,NESTIPAC,"NESTIPAC, MEXICO",-103.7229243,20.3616719,"45740 estipac, jal., mexico"
JALISCO,OCOTLAN,"OCOTLAN, MEXICO",-102.7652326,20.3417485,"ocotlán, jalisco, mexico"
JALISCO,PLAYA CAREYES,"PLAYA CAREYES, MEXICO",-104.7862333,19.2799533,"playa careyes, 48898 jal., mexico"
JALISCO,PLAYA DEL ROSITA,"PLAYA DEL ROSITA, MEXICO",-102.552784,23.634501,mexico
JALISCO,PLAYA EL SALADO,"PLAYA EL SALADO, MEXICO",-105.2478308,20.6549516,"playa el salado, marina vallarta, jal., mexico"
JALISCO,PLAYA LA FORTUNA,"PLAYA LA FORTUNA, MEXICO",-109.5073031,23.1466623,"23536 la fortuna, b.c.s., mexico"
JALISCO,PLAYA LA MANZANILLA,"PLAYA LA MANZANILLA, MEXICO",-105.3865054,20.7442443,"playa la manzanilla, 63734 la cruz de huanacaxtle, nayarit, mexico"
JALISCO,PLAYA PIZOTA,"PLAYA PIZOTA, MEXICO",-105.4892858,20.4900285,"pizota beach, jalisco, mexico"
JALISCO,PONCITLAN,"PONCITLAN, MEXICO",-102.9261793,20.379337,"poncitlan, jalisco, mexico"
JALISCO,PRESA CHARCO AZUL,"PRESA CHARCO AZUL, MEXICO",-102.552784,23.634501,mexico
JALISCO,PRESA ALCAPARROSA,"PRESA ALCAPARROSA, MEXICO",-104.2104045,19.9837409,"48035 unión de tula, jalisco, mexico"
JALISCO,PRESA CAJON DE PENAS,"PRESA CAJON DE PENAS, MEXICO",-105.1416251,20.0035743,"48465 presa cajón de peña, jalisco, mexico"
JALISCO,PRESA CALDERON,"PRESA CALDERON, MEXICO",-102.9711775,20.6893079,"45430 zapotlanejo, jalisco, mexico"
JALISCO,PRESA CONSTITUCION DE APATZINGAN,"PRESA CONSTITUCION DE APATZINGAN, MEXICO",-102.7846336,19.2877207,"49957 presa constitución de apatzingán, jal., mexico"
JALISCO,PRESA CORONA,"PRESA CORONA, MEXICO",-103.0916531,20.3981646,"45933 presa corona, jal., mexico"
JALISCO,PRESA CORRINCHIS,"PRESA CORRINCHIS, MEXICO",-104.7798067,20.4617393,"presa corinchis, jalisco, mexico"
JALISCO,PRESA CUACUALA,"PRESA CUACUALA, MEXICO",-103.0949835,20.9703549,"presa cuacuala, 45484 jal., mexico"
JALISCO,PRESA DE HURTADO,"PRESA DE HURTADO, MEXICO",-102.552784,23.634501,mexico
JALISCO,PRESA DE LA LUZ,"PRESA DE LA LUZ, MEXICO",-102.1454057,20.6494073,"presa de la luz, jalisco, mexico"
JALISCO,PRESA DE LA VEGA,"PRESA DE LA VEGA, MEXICO",-103.8506109,20.6430355,"la vega, jalisco, mexico"
JALISCO,PRESA DE PARTIDAS,"PRESA DE PARTIDAS, MEXICO",-102.552784,23.634501,mexico
JALISCO,PRESA DE VALERIO,"PRESA DE VALERIO, MEXICO",-101.8323787,21.7656974,"q589+72 presa de valerio, 47557 francisco primo de verdad, jal., mexico"
JALISCO,PRESA DEL AHOGADO,"PRESA DEL AHOGADO, MEXICO",-101.0586552,22.0912736,"3wrr+gg presa del ahogado slp, 78418 mesa de los conejos, s.l.p., mexico"
JALISCO,PRESA EL CAJON,"PRESA EL CAJON, MEXICO",-104.450444,21.4281347,"leonardo rodríguez alcaine, 63864 nay., mexico"
JALISCO,PRESA EL GRANDE,"PRESA EL GRANDE, MEXICO",NA,NA,NA
JALISCO,PRESA EL HORNO,"PRESA EL HORNO, MEXICO",-102.552784,23.634501,mexico
JALISCO,PRESA EL JIHUITE,"PRESA EL JIHUITE, MEXICO",-102.7163208,20.8498673,"47704 presa el jihuite, jalisco, mexico"
JALISCO,PRESA EL NOGAL,"PRESA EL NOGAL, MEXICO",-103.7869444,19.8969444,"49355 el nogal, jal., mexico"
JALISCO,PRESA EL OCOTE,"PRESA EL OCOTE, MEXICO",-102.53031,21.7767135,"presa el ocote, 20376 aguascalientes, ags., mexico"
JALISCO,PRESA EL TULE,"PRESA EL TULE, MEXICO",-102.4321434,20.7259356,"47188 el tule, jalisco, mexico"
JALISCO,PRESA GARABATOS,"PRESA GARABATOS, MEXICO",-116.9263617,32.4408373,"priv. presa garabatos, colinas de la presa, 22125 tijuana, b.c., mexico"
JALISCO,PRESA JUIQUINAQUE,"PRESA JUIQUINAQUE, MEXICO",-102.552784,23.634501,mexico
JALISCO,PRESA LA COLORADA,"PRESA LA COLORADA, MEXICO",-110.5794014,28.8026584,"la colorada, sonora, mexico"
JALISCO,PRESA LA GUADALUPE,"PRESA LA GUADALUPE, MEXICO",-102.552784,23.634501,mexico
JALISCO,PRESA LA JOYA,"PRESA LA JOYA, MEXICO",-102.1672028,20.2600123,"presa la joya, 59420 mich., mexico"
JALISCO,PRESA LA RED,"PRESA LA RED, MEXICO",-102.8153184,20.7187184,"presa la red, 45477 jal., mexico"
JALISCO,PRESA LA SAUCEDA,"PRESA LA SAUCEDA, MEXICO",-101.95,22.0416667,"presa la sauceda, 20795 ags., mexico"
JALISCO,PRESA LA TINAJA,"PRESA LA TINAJA, MEXICO",-103.1026834,20.3537527,"presa la tinaja, 45935 jal., mexico"
JALISCO,PRESA LAGUNILLAS,"PRESA LAGUNILLAS, MEXICO",-99.5991669,21.5122219,"79788 la presa, s.l.p., mexico"
JALISCO,PRESA LAS PIEDRAS,"PRESA LAS PIEDRAS, MEXICO",-104.050773,19.9246571,"las piedras, jalisco, mexico"
JALISCO,PRESA LAS PINTAS,"PRESA LAS PINTAS, MEXICO",-103.3171443,20.5788044,"diag. a la presa, la capilla, 45690 las pintas, jal., mexico"
JALISCO,PRESA LAS TROJES,"PRESA LAS TROJES, MEXICO",-101.7611111,20.3386111,"presa las trojes, 36936 gto., mexico"
JALISCO,PRESA LOS CIRUELOS,"PRESA LOS CIRUELOS, MEXICO",-102.552784,23.634501,mexico
JALISCO,PRESA LOS SAUCES,"PRESA LOS SAUCES, MEXICO",-116.9248284,32.4401205,"priv. presa los sauces, colinas de la presa, 22125 tijuana, b.c., mexico"
JALISCO,PRESA OJO DE AGUA,"PRESA OJO DE AGUA, MEXICO",-103.9042489,20.412741,"presa ojo de agua, jalisco, mexico"
JALISCO,PRESA PALO VERDE,"PRESA PALO VERDE, MEXICO",-102.4174409,20.3498195,"8hxm+w2, 47925 san antonio de rivas, jal., mexico"
JALISCO,PRESA POTRERILLOS,"PRESA POTRERILLOS, MEXICO",-99.2401602,19.2692161,"potrerillos, san nicolás ii, 14735 ciudad de méxico, cdmx, mexico"
JALISCO,PRESA RAMON CORONA,"PRESA RAMON CORONA, MEXICO",-103.6302776,24.1861112,"35877 ramón corona, dgo., mexico"
JALISCO,PRESA SAN ANDRES,"PRESA SAN ANDRES, MEXICO",-98.7637481,18.7998428,"amayuca - tlacotepec 52, los tres reyes, 62890 zacualpan de amilpas, mor., mexico"
JALISCO,PRESA SAN ANTONIO DE LA CALERA,"PRESA SAN ANTONIO DE LA CALERA, MEXICO",-103.0427777,22.0449999,"99593 san antonio de la calera, zac., mexico"
JALISCO,PRESA SAN IGNACIO,"PRESA SAN IGNACIO, MEXICO",-98.34166669999999,19.7083333,"presa san ignacio, 43950 hgo., mexico"
JALISCO,PRESA SAN ISIDRO,"PRESA SAN ISIDRO, MEXICO",-99.1539016,20.0921046,"san isidro presas, xitri, 42944 tetepango, hgo., mexico"
JALISCO,PRESA SAN JOSE,"PRESA SAN JOSE, MEXICO",-101.0559728,22.1490377,"presa san jose, 78413 s.l.p., mexico"
JALISCO,PRESA SAN ONOFRE,"PRESA SAN ONOFRE, MEXICO",-102.552784,23.634501,mexico
JALISCO,PRESA SANTA ROSA,"PRESA SANTA ROSA, MEXICO",-103.6666636,20.898642,"presa santa rosa, jalisco, mexico"
JALISCO,PRESA TACOTAN,"PRESA TACOTAN, MEXICO",-104.3064677,20.037785,"presa de tacotan, jalisco, mexico"
JALISCO,PRESA TEXCALAME,"PRESA TEXCALAME, MEXICO",-104.0656533,20.4358357,"texcalame, 46728 el texcalamito, jal., mexico"
JALISCO,PRESA TRIGO MIL,"PRESA TRIGO MIL, MEXICO",-104.3471933047298,20.00076485348594,"trigomil, jalisco, mexico"
JALISCO,PRESA VICENTE VILLASENOR,"PRESA VICENTE VILLASENOR, MEXICO",-100.2594444,18.3983333,"presa vicente guerrero, 40503 gro., mexico"
JALISCO,PRESA VIEJA,"PRESA VIEJA, MEXICO",-101.4175916,20.2092787,"presa vieja, 58520 mich., mexico"
JALISCO,PRESA VISTA HERMOSA,"PRESA VISTA HERMOSA, MEXICO",-103.337071,19.8010089,"presa vista hermosa, jalisco, mexico"
JALISCO,SAN PEDRO ANALCO,"SAN PEDRO ANALCO, MEXICO",-103.950019,21.137277,"46430 san pedro analco, jal., mexico"
JALISCO,PUERTO CORONA,"PUERTO CORONA, MEXICO",-103.2802047,20.1966075,"c. lago de chapala, 49446 jal., mexico"
JALISCO,PUNTA PENITAS,"PUNTA PENITAS, MEXICO",-105.548727,20.0950056,"tomatlán, jal., mexico"
JALISCO,PERULA,"PERULA, MEXICO",-105.1234968,19.5918469,"48869 pérula, jal., mexico"
JALISCO,RAMPA MUNICIPAL,"RAMPA MUNICIPAL, MEXICO",-105.2780201,21.0239702,"av. rtno las palmas 55a, 63724 rincón de guayabitos, nay., mexico"
JALISCO,CHIMO,"CHIMO, MEXICO",-105.5919887,20.4714567,"chimo, jal., mexico"
JALISCO,RIO AMECA,"RIO AMECA, MEXICO",-104.5672588028026,20.78484778743066,"ameca river, mexico"
JALISCO,RIO LOS REYES,"RIO LOS REYES, MEXICO",-98.7662144,19.1092645,"río los reyes, estado de méxico, mexico"
JALISCO,RIO BARRERA,"RIO BARRERA, MEXICO",-102.552784,23.634501,mexico
JALISCO,RIO EL TANQUE,"RIO EL TANQUE, MEXICO",-99.24875279999999,19.3251767,"el tanque, 10320 ciudad de méxico, cdmx, mexico"
JALISCO,RIO LAS JUNTAS,"RIO LAS JUNTAS, MEXICO",-105.2432683,20.6975526,"48291 las juntas, jalisco, mexico"
JALISCO,RIO LERMA,"RIO LERMA, MEXICO",-101.1193163700184,19.85877384536569,"river lerma, mexico"
JALISCO,RIO LERMA SANTIAGO,"RIO LERMA SANTIAGO, MEXICO",-101.1193163700184,19.85877384536569,"river lerma, mexico"
JALISCO,RIO PURIFICACION,"RIO PURIFICACION, MEXICO",-98.8979283,24.0426355,"río purificación, 87780 nueva villa de padilla, tamps., mexico"
JALISCO,RIO TULE,"RIO TULE, MEXICO",-103.3663485,19.5626833,"del río tule, 49808 tuxpan, jal., mexico"
JALISCO,RIO SAN NICOLAS,"RIO SAN NICOLAS, MEXICO",-92.8528873898996,15.41208251434828,"río san nicolás, chiapas, mexico"
JALISCO,RUCIAS NEGRAS,"RUCIAS NEGRAS, MEXICO",-103.2266578,20.5804951,"rucias negras, 45420 tonalá, jal., mexico"
JALISCO,SAN JUAN COSALA,"SAN JUAN COSALA, MEXICO",-103.3403487,20.2864393,"45820 san juan cosalá, jal., mexico"
JALISCO,SAN JUAN TECOMATLAN,"SAN JUAN TECOMATLAN, MEXICO",-103.1018333,20.3282262,"45975 san juan tecomatlán, jal., mexico"
JALISCO,SAN LUIS SOYOTLAN,"SAN LUIS SOYOTLAN, MEXICO",-103.3060985,20.1968739,"49440 san luis soyatlán, jalisco, mexico"
JALISCO,SAN NICOLAS DE ACUNA,"SAN NICOLAS DE ACUNA, MEXICO",-103.8194525,20.4684187,"48520 san nicolás, jal., mexico"
JALISCO,SAN NICOLAS DE IBARRA,"SAN NICOLAS DE IBARRA, MEXICO",-103.1304369,20.329981,"45940 san nicolás de ibarra, jal., mexico"
JALISCO,SAN PEDRO ITZICAN,"SAN PEDRO ITZICAN, MEXICO",-102.9536809,20.3170665,"45978 san pedro itzicán, jal., mexico"
JALISCO,SAN PEDRO TESISTAN,"SAN PEDRO TESISTAN, MEXICO",-103.420705,20.230852,"san pedro tesistán, jal., mexico"
JALISCO,SAN SEBASTIAN DEL OESTE,"SAN SEBASTIAN DEL OESTE, MEXICO",-104.8528075,20.7613306,"san sebastián, jalisco, mexico"
JALISCO,SANTA CRUZ DE LA SOLEDAD,"SANTA CRUZ DE LA SOLEDAD, MEXICO",-103.1600702,20.318359,"45944 santa cruz de la soledad, jalisco, mexico"
JALISCO,SANTO DOMINGO,"SANTO DOMINGO, MEXICO",-99.1905974,19.4887086,"santo domingo, ciudad de méxico, cdmx, mexico"
JALISCO,TEPEHUAJE,"TEPEHUAJE, MEXICO",-103.9100489,20.4326746,"46785 el tepehuaje de morelos, jalisco, mexico"
JALISCO,TIZAPAN EL ALTO,"TIZAPAN EL ALTO, MEXICO",-103.044711,20.1589437,"tizapan el alto, jalisco, mexico"
JALISCO,TOLUCA,"TOLUCA, MEXICO",-99.6556653,19.2826098,"toluca, state of mexico, mexico"
JALISCO,TUXCUECA,"TUXCUECA, MEXICO",-103.366667,20.066667,"49255 tuxcueca, jalisco, mexico"
JALISCO,UNION DE TULA,"UNION DE TULA, MEXICO",-104.2678212,19.9560353,"unión de tula, jalisco, mexico"
JALISCO,VERTIDOR,"VERTIDOR, MEXICO",-102.552784,23.634501,mexico
NAYARIT,AGUAPAN,"AGUAPAN, MEXICO",-104.5928421,21.598489,"63844 ahuapán, nay., mexico"
NAYARIT,ANEXO EMBARCADERO SAN MIGUEL,"ANEXO EMBARCADERO SAN MIGUEL, MEXICO",-100.7542258,20.8985322,"51, celaya-dolores hidalgo 445, la lejona, 37765 san miguel de allende, guanajuato, mexico"
NAYARIT,ARROYO DE SAN PABLO,"ARROYO DE SAN PABLO, MEXICO",-102.552784,23.634501,mexico
NAYARIT,ARROYO DEL CAPOMO,"ARROYO DEL CAPOMO, MEXICO",-105.2790957,20.7294734,"capomo, 63735 mezcales, nay., mexico"
NAYARIT,ARROYO SECO,"ARROYO SECO, MEXICO",-99.68784319999999,21.5471976,"arroyo seco, qro., mexico"
NAYARIT,LA ATACOSA,"LA ATACOSA, MEXICO",-106.3348303,25.6341407,"35635 la atascosa, dgo., mexico"
NAYARIT,LOS AYALA,"LOS AYALA, MEXICO",-105.2882409,21.0236469,"63724 los ayala, nay., mexico"
NAYARIT,BAJO DE LOS PERROS,"BAJO DE LOS PERROS, MEXICO",-102.552784,23.634501,mexico
NAYARIT,EL BANQUITO,"EL BANQUITO, MEXICO",-102.552784,23.634501,mexico
NAYARIT,BARRA GRANDE DE BOCA DE CAMICHIN,"BARRA GRANDE DE BOCA DE CAMICHIN, MEXICO",-105.4894444,21.7463888,"63573 boca de camichín, nay., mexico"
NAYARIT,BOCA DE AZADERO,"BOCA DE AZADERO, MEXICO",-105.4254787,21.643375,"63756 boca del asadero, nay., mexico"
NAYARIT,FRANCISCO VILLA,"FRANCISCO VILLA, MEXICO",-102.552784,23.634501,mexico
NAYARIT,CABEZA DE CANOA,"CABEZA DE CANOA, MEXICO",-102.552784,23.634501,mexico
NAYARIT,LA CALIXTRA,"LA CALIXTRA, MEXICO",-102.552784,23.634501,mexico
NAYARIT,CAMPO DE LIMONES,"CAMPO DE LIMONES, MEXICO",-102.552784,23.634501,mexico
NAYARIT,CANADA EL PALILLO,"CANADA EL PALILLO, MEXICO",-102.552784,23.634501,mexico
NAYARIT,CANAL DE CUAUTLA,"CANAL DE CUAUTLA, MEXICO",-98.9276126,18.8064459,"priv. huexca, plan de ayala, 62743 cuautla, mor., mexico"
NAYARIT,CANCUN,"CANCUN, MEXICO",-86.8515279,21.161908,"cancún, quintana roo, mexico"
NAYARIT,EL CANTON,"EL CANTON, MEXICO",-105.1808631,20.7428275,"48284 el cantón, jalisco, mexico"
NAYARIT,OSTRICAMICHIN,"OSTRICAMICHIN, MEXICO",-102.552784,23.634501,mexico
NAYARIT,EL CHAGUIN,"EL CHAGUIN, MEXICO",-102.552784,23.634501,mexico
NAYARIT,EL CHIRIMOYO,"EL CHIRIMOYO, MEXICO",-98.8898957,17.3436565,"41423 el chirimoyo, gro., mexico"
NAYARIT,EL COLOMO,"EL COLOMO, MEXICO",-104.2526757,19.0610388,"28800 el colomo, colima, mexico"
NAYARIT,COLORADO DE LA MORA,"COLORADO DE LA MORA, MEXICO",-104.6485796,21.7095643,"63526 colorado de la mora, nay., mexico"
NAYARIT,EL CONCHAL,"EL CONCHAL, MEXICO",-107.3298789,24.2426606,"80467 el conchal, sinaloa, mexico"
NAYARIT,LAS CONCHAS,"LAS CONCHAS, MEXICO",-113.4820745,31.2890827,"las conchas, puerto peñasco, sonora, mexico"
NAYARIT,LA CORBETENA,"LA CORBETENA, MEXICO",-105.2323559,20.6037015,"venustiano carranza 421, zona romántica, emiliano zapata, 48380 puerto vallarta, jal., mexico"
NAYARIT,CORRAL DEL RISCO,"CORRAL DEL RISCO, MEXICO",-105.5137365,20.7744691,"63727 corral del risco, nayarit, mexico"
NAYARIT,LA CORTINA,"LA CORTINA, MEXICO",-103.3608948,25.5564846,"la cortina, torreón, coah., mexico"
NAYARIT,LA CRUZ DE HUANACAXTLE,"LA CRUZ DE HUANACAXTLE, MEXICO",-105.3760604,20.7544076,"63734 la cruz de huanacaxtle, nayarit, mexico"
NAYARIT,EL CUACOYOTL,"EL CUACOYOTL, MEXICO",-102.552784,23.634501,mexico
NAYARIT,CUAUHTEMOC,"CUAUHTEMOC, MEXICO",-99.16914129999999,19.4301322,"colonia cuauhtémoc, 06500 mexico city, cdmx, mexico"
NAYARIT,LAS CUEVAS,"LAS CUEVAS, MEXICO",-100.6843555,19.4381326,"61247 las cuevas, michoacán, mexico"
NAYARIT,EL BRASIL,"EL BRASIL, MEXICO",-99.76020109999999,24.9442975,"67824 el brasil, nuevo leon, mexico"
NAYARIT,EL CIRUELO,"EL CIRUELO, MEXICO",-96.5778771,18.6324283,"95206 el ciruelo, ver., mexico"
NAYARIT,EL COLORADO,"EL COLORADO, MEXICO",-108.8233331,26.7666666,"cerro colorado, sonora, mexico"
NAYARIT,EL CUACOYOLT,"EL CUACOYOLT, MEXICO",-102.552784,23.634501,mexico
NAYARIT,EL PERDON,"EL PERDON, MEXICO",-102.552784,23.634501,mexico
NAYARIT,EL PINO,"EL PINO, MEXICO",-108.0763952,27.0802478,"33426 el pino, chihuahua, mexico"
NAYARIT,EL TEPETATE,"EL TEPETATE, MEXICO",-100.3957647,20.6031938,"el tepetate, santiago de querétaro, qro., mexico"
NAYARIT,EMBALSE DE AGUAMILPA,"EMBALSE DE AGUAMILPA, MEXICO",-105.02999990000001,20.9199998,"63739 aguamilpa, nay., mexico"
NAYARIT,EMBARCADERO DE LA BATANGA,"EMBARCADERO DE LA BATANGA, MEXICO",-1.0778674,53.9582181,"9 franklins yard, york yo1 9ta, uk"
NAYARIT,EMBARCADERO DE LLANO DEL TIGRE,"EMBARCADERO DE LLANO DEL TIGRE, MEXICO",-105.3047223,22.1269444,"63636 llano del tigre, nay., mexico"
NAYARIT,EMBARCADERO DE PERICOS,"EMBARCADERO DE PERICOS, MEXICO",-102.552784,23.634501,mexico
NAYARIT,EMBARCADERO DE PESCADERO,"EMBARCADERO DE PESCADERO, MEXICO",-110.1605001,23.3593689,"23361 el pescadero, bcs, mexico"
NAYARIT,PUERTA DE PALAPARES,"PUERTA DE PALAPARES, MEXICO",-105.6305555,22.1033333,"63562 puerta de palapares, nay., mexico"
NAYARIT,SAN ANDRES,"SAN ANDRES, MEXICO",-95.2217739,18.4505453,"san andres, 95730 san andrés tuxtla, ver., mexico"
NAYARIT,SANTA CRUZ DE MIRAMAR,"SANTA CRUZ DE MIRAMAR, MEXICO",-105.1977777,21.4324999,"63777 santa cruz de miramar, nay., mexico"
NAYARIT,LA PERLA,"LA PERLA, MEXICO",-92.3138124,15.1209121,"30800 la perla, chis., mexico"
NAYARIT,LAGUNA LA PESCA,"LAGUNA LA PESCA, MEXICO",-105.2759371,22.067202,"colonia 18 de marzo, 63637 colonias 18 de marzo, nay., mexico"
NAYARIT,LOS ESPEJOS,"LOS ESPEJOS, MEXICO",-103.131398,23.0359363,"99190 los espejos, zac., mexico"
NAYARIT,SAN MIGUEL,"SAN MIGUEL, MEXICO",-100.745235,20.9144491,"san miguel de allende, guanajuato, mexico"
NAYARIT,ZOMATLAN,"ZOMATLAN, MEXICO",-105.2616509,22.122403,"63637 zomatlán del caimanero, nay., mexico"
NAYARIT,LA ESCOLLERA,"LA ESCOLLERA, MEXICO",-102.552784,23.634501,mexico
NAYARIT,EL ESPINO,"EL ESPINO, MEXICO",-93.4380563,18.1208558,"86493 santana 5ta. secc., tab., mexico"
NAYARIT,ESTERO EL POZO,"ESTERO EL POZO, MEXICO",-105.2963889,21.5577778,"estero el pozo, 63747 nay., mexico"
NAYARIT,LOS JIOTES,"LOS JIOTES, MEXICO",-102.552784,23.634501,mexico
NAYARIT,ESTERO DE SAN CRISTOBAL,"ESTERO DE SAN CRISTOBAL, MEXICO",-102.552784,23.634501,mexico
NAYARIT,ESTERO EL PUYECON,"ESTERO EL PUYECON, MEXICO",-99.1913405,19.3082247,"el estero, insurgentes cuicuilco, 04530 ciudad de méxico, cdmx, mexico"
NAYARIT,ESTERO LA GATA,"ESTERO LA GATA, MEXICO",-106.4177672,23.2277534,"estero, mazatlán, sin., mexico"
NAYARIT,ESTERO LA PALICIENTA,"ESTERO LA PALICIENTA, MEXICO",-106.4177672,23.2277534,"estero, mazatlán, sin., mexico"
NAYARIT,ESTERO SAN CRISTOBAL,"ESTERO SAN CRISTOBAL, MEXICO",-92.6376186,16.7370359,"san cristobal de las casas, chis., mexico"
NAYARIT,ESTERO SANTA MARIA,"ESTERO SANTA MARIA, MEXICO",-102.552784,23.634501,mexico
NAYARIT,EL FLORENO,"EL FLORENO, MEXICO",-104.6252395,21.6246438,"63524 el floreño, nay., mexico"
NAYARIT,GRANJA DEL CHUMBENO,"GRANJA DEL CHUMBENO, MEXICO",-105.348246,22.2041466,"el chumbeno, nayarit, mexico"
NAYARIT,EL HOBO,"EL HOBO, MEXICO",-97.4241699,20.7861099,"92776 el jobo, ver., mexico"
NAYARIT,ISLA DE MEXCALTITAN,"ISLA DE MEXCALTITAN, MEXICO",-105.4752773,21.9056642,"20 de noviembre ote 257, centro, 63360 santiago ixcuintla, nay., mexico"
NAYARIT,IXTLACUAHUILT CHICOX,"IXTLACUAHUILT CHICOX, MEXICO",-102.552784,23.634501,mexico
NAYARIT,JARRETADERAS,"JARRETADERAS, MEXICO",-105.2752779,20.6906014,"63735 jarretaderas, nayarit, mexico"
NAYARIT,ESTERO JUAN PEREZ,"ESTERO JUAN PEREZ, MEXICO",-103.6134461,24.4459813,"35865 la magdalena, dgo., mexico"
NAYARIT,EL CAJON,"EL CAJON, MEXICO",-104.450444,21.4281347,"leonardo rodríguez alcaine, 63864 nay., mexico"
NAYARIT,LA MATITA,"LA MATITA, MEXICO",-104.345635,21.544431,"63597 la matita, nay., mexico"
NAYARIT,LA NUEVA U,"LA NUEVA U, MEXICO",-93.16582989999999,17.0494399,"29625 la nueva, chis., mexico"
NAYARIT,LA SAL,"LA SAL, MEXICO",-102.552784,23.634501,mexico
NAYARIT,LA SIERRA MOJADA,"LA SIERRA MOJADA, MEXICO",-99.0529626,21.3188645,"la, sierra mojada, 79920 san luis, s.l.p., mexico"
NAYARIT,LAGUNA DE AGUA BRAVA,"LAGUNA DE AGUA BRAVA, MEXICO",-105.533,22.106,"agua brava lagoon, 63643 nayarit, mexico"
NAYARIT,LAGUNA DE SAN PEDRO LAGUNILLAS,"LAGUNA DE SAN PEDRO LAGUNILLAS, MEXICO",-104.7316772,21.2060275,"laguna de san pedro lagunillas, nayarit, mexico"
NAYARIT,LAGUNA DEL QUELELE,"LAGUNA DEL QUELELE, MEXICO",-105.2926934,20.7264738,"63735 nayarit, mexico"
NAYARIT,LAGUNA LA HONDA,"LAGUNA LA HONDA, MEXICO",-102.552784,23.634501,mexico
NAYARIT,LAGUNA LAS TORTUGAS Y MATAIZA,"LAGUNA LAS TORTUGAS Y MATAIZA, MEXICO",-102.552784,23.634501,mexico
NAYARIT,LAS BLANCAS,"LAS BLANCAS, MEXICO",-98.95959309999999,23.6247055,"87259 las blancas, tamaulipas, mexico"
NAYARIT,LAS CONCHITAS,"LAS CONCHITAS, MEXICO",-113.4820745,31.2890827,"las conchas, puerto peñasco, sonora, mexico"
NAYARIT,LAS TAUNAS,"LAS TAUNAS, MEXICO",-108.5552407,28.3994441,"85789 las taunas, sonora, mexico"
NAYARIT,LO DE MARCO,"LO DE MARCO, MEXICO",-105.3540476,20.9537026,"lo de marcos, nayarit, mexico"
NAYARIT,LOMA DEL COYOTE,"LOMA DEL COYOTE, MEXICO",-98.4818047,20.532767,"loma del coyote, 92600 huayacocotla, ver., mexico"
NAYARIT,MAZATLAN,"MAZATLAN, MEXICO",-106.4111425,23.2494148,"mazatlan, sinaloa, mexico"
NAYARIT,MESA DE LAS YEGUAS,"MESA DE LAS YEGUAS, MEXICO",-102.552784,23.634501,mexico
NAYARIT,MIRAMAR,"MIRAMAR, MEXICO",-97.87006389999999,22.3384943,"miramar, tamaulipas, mexico"
NAYARIT,LOS MORILLOS,"LOS MORILLOS, MEXICO",-104.1520984,20.5762719,"46718 los morillos, jal., mexico"
NAYARIT,MUELLE PESQUERO NUMERO 1,"MUELLE PESQUERO NUMERO 1, MEXICO",-106.3929299,23.2132994,"c. del muelle 1, casa redonda, 82059 mazatlán, sin., mexico"
NAYARIT,LAS MULAS,"LAS MULAS, MEXICO",-100.294421,20.646726,"76267 las mulas, qro., mexico"
NAYARIT,LA NOPALERA,"LA NOPALERA, MEXICO",-99.05365359999999,19.2981876,"la nopalera, 13220 ciudad de méxico, cdmx, mexico"
NAYARIT,EL OTATITO,"EL OTATITO, MEXICO",-102.552784,23.634501,mexico
NAYARIT,PASEO DE SAN JUAN,"PASEO DE SAN JUAN, MEXICO",-101.1254662,20.2092529,"paseo de san juan, 38945 yuriria, gto., mexico"
NAYARIT,PASO DE AHUAPAN,"PASO DE AHUAPAN, MEXICO",-104.5928421,21.598489,"63844 ahuapán, nay., mexico"
NAYARIT,PASO DE LOZADA,"PASO DE LOZADA, MEXICO",-102.552784,23.634501,mexico
NAYARIT,LA PENITA,"LA PENITA, MEXICO",-105.2470442,21.0385528,"63720 la peñita de jaltemba, nayarit, mexico"
NAYARIT,PERICOS,"PERICOS, MEXICO",-107.6998212,25.0830143,"80950 pericos, sin., mexico"
NAYARIT,PIEDRA DEL ASADERO,"PIEDRA DEL ASADERO, MEXICO",-110.9672165,30.6276006,"av. niños héroes 203, centro, 84160 magdalena de kino, son., mexico"
NAYARIT,EL PLATANO,"EL PLATANO, MEXICO",-99.51373079999999,21.0088982,"76563 el plátano, qro., mexico"
NAYARIT,BAHIA DE SAYULITA,"BAHIA DE SAYULITA, MEXICO",-105.4410109,20.8690862,"63728 sayulita, nayarit, mexico"
NAYARIT,PLAYA DE LA PENITA DE JALTEMBA,"PLAYA DE LA PENITA DE JALTEMBA, MEXICO",-105.2470442,21.0385528,"63720 la peñita de jaltemba, nayarit, mexico"
NAYARIT,PLAYA DE NOVILLERO,"PLAYA DE NOVILLERO, MEXICO",-105.684168,22.379325,"63466 playa novillero, nay., mexico"
NAYARIT,PLAYA SAN FRANCISCO,"PLAYA SAN FRANCISCO, MEXICO",-87.0197098,20.3953726,"playa san francisco, quintana roo, mexico"
NAYARIT,POTRERO,"POTRERO, MEXICO",-99.4040184,19.1844116,"potrero, méx., mexico"
NAYARIT,POTRERO DE PALMITA,"POTRERO DE PALMITA, MEXICO",-102.552784,23.634501,mexico
NAYARIT,PRESA AGUAMILPA,"PRESA AGUAMILPA, MEXICO",-104.8026395,21.8393361,"presa aguamilpa, 63526 nay., mexico"
NAYARIT,PRESA LA REDONDA,"PRESA LA REDONDA, MEXICO",-105.2000081,22.0552785,"3q4x+4x, 63656 minitas, nay., mexico"
NAYARIT,PUENTE EL COLORADO,"PUENTE EL COLORADO, MEXICO",-103.8848581,24.6590618,"puente el colorado, 34746 dgo., mexico"
NAYARIT,EL PUENTE,"EL PUENTE, MEXICO",-98.404451,18.8745579,"74368 el puente, puebla, mexico"
NAYARIT,PUERTA DE LA LIMA,"PUERTA DE LA LIMA, MEXICO",-105.1830555,21.0963888,"63714 la puerta de la lima, nay., mexico"
NAYARIT,PUNTA RAZA,"PUNTA RAZA, MEXICO",-105.3191666,21.0038888,"63724 punta raza, nay., mexico"
NAYARIT,LA RAMPA (DARSENA NUMERO 1),"LA RAMPA (DARSENA NUMERO 1), MEXICO",-102.552784,23.634501,mexico
NAYARIT,EL RANCHITO,"EL RANCHITO, MEXICO",-101.7502495,19.932131300000002,"el ranchito, mich., mexico"
NAYARIT,EL RINCON,"EL RINCON, MEXICO",-105.7659269,25.3278025,"35616 el rincon, durango, mexico"
NAYARIT,EL ROBLITO,"EL ROBLITO, MEXICO",-105.6713133,22.5070208,"63464 el roblito, nay., mexico"
NAYARIT,LA RUBENA,"LA RUBENA, MEXICO",-102.552784,23.634501,mexico
NAYARIT,SAN JUAN,"SAN JUAN, MEXICO",-102.552784,23.634501,mexico
NAYARIT,SAN MIGUEL NO. 2,"SAN MIGUEL NO. 2, MEXICO",-102.552784,23.634501,mexico
NAYARIT,ESTERO EL TAPEIXTE,"ESTERO EL TAPEIXTE, MEXICO",-99.1913405,19.3082247,"el estero, insurgentes cuicuilco, 04530 ciudad de méxico, cdmx, mexico"
NAYARIT,EL TORIL,"EL TORIL, MEXICO",-102.4161111,22.1866666,"20503 el toril, ags., mexico"
NAYARIT,VADO DE VILLA JUAREZ,"VADO DE VILLA JUAREZ, MEXICO",-109.8335818,27.1298849,"85290 villa juárez, sonora, mexico"
NAYARIT,EL VALLE DE LA URRACA,"EL VALLE DE LA URRACA, MEXICO",-105.6349999,22.5713888,"63415 valle de la urraca, nay., mexico"
NAYARIT,VENA DE PERICOS,"VENA DE PERICOS, MEXICO",-102.552784,23.634501,mexico
NAYARIT,VENA EL PUYEQUE,"VENA EL PUYEQUE, MEXICO",-105.2244444,22.5986111,"63484 el puyeque, nay., mexico"
NAYARIT,VENA PUERCA,"VENA PUERCA, MEXICO",-102.552784,23.634501,mexico
NAYARIT,ZAPOTE DE PICAHOS,"ZAPOTE DE PICAHOS, MEXICO",-104.7129034,21.7952502,"63526 zapote de picachos, nay., mexico"
NAYARIT,ZOQUIPAN,"ZOQUIPAN, MEXICO",-103.3670319,20.7170993,"zoquipan, zapopan, jal., mexico"
QUINTANA ROO,ISLA CONTOY,"ISLA CONTOY, MEXICO",-86.7944127,21.4953561,"isla contoy, quintana roo, mexico"
QUINTANA ROO,BAHIA DEL ESPIRITU SANTO,"BAHIA DEL ESPIRITU SANTO, MEXICO",-99.1761754,19.4387756,"bahia del espiritu santo, ciudad de méxico, cdmx, mexico"
QUINTANA ROO,CHAVAYXOOL,"CHAVAYXOOL, MEXICO",-102.552784,23.634501,mexico
QUINTANA ROO,CHIQUILLA,"CHIQUILLA, MEXICO",-87.3401183,21.4259544,"77320 chiquilá, quintana roo, mexico"
QUINTANA ROO,TULUM,"TULUM, MEXICO",-87.46535019999999,20.2114185,"tulum, quintana roo, mexico"
QUINTANA ROO,XCALAK,"XCALAK, MEXICO",-87.83583329999999,18.2713889,"77970 xcalak, quintana roo, mexico"
QUINTANA ROO,CULCHE,"CULCHE, MEXICO",-102.552784,23.634501,mexico
QUINTANA ROO,HOLBOX,"HOLBOX, MEXICO",-87.2866995,21.5308421,"isla holbox, quintana roo, mexico"
QUINTANA ROO,ISLA DE LA PASION,"ISLA DE LA PASION, MEXICO",-86.8642673,20.5472038,"77683 isla de la pasión, quintana roo, mexico"
QUINTANA ROO,MUELLE CHIQUILA,"MUELLE CHIQUILA, MEXICO",-87.3401183,21.4259544,"77320 chiquilá, quintana roo, mexico"
QUINTANA ROO,ISLA MUJERES,"ISLA MUJERES, MEXICO",-86.7357804,21.2366438,"isla mujeres, q.r., mexico"
QUINTANA ROO,MUELLE DE LA COOPERATIVA,"MUELLE DE LA COOPERATIVA, MEXICO",-102.552784,23.634501,mexico
QUINTANA ROO,MUELLE FISCAL 1,"MUELLE FISCAL 1, MEXICO",-110.3185903,24.1613103,"paseo álvaro obregón 220, malecón, zona central, 23000 la paz, b.c.s., mexico"
QUINTANA ROO,MUELLE FISCAL 2,"MUELLE FISCAL 2, MEXICO",-110.3185903,24.1613103,"paseo álvaro obregón 220, malecón, zona central, 23000 la paz, b.c.s., mexico"
QUINTANA ROO,CHETUMAL,"CHETUMAL, MEXICO",-88.296146,18.5001889,"chetumal, quintana roo, mexico"
QUINTANA ROO,COZUMEL,"COZUMEL, MEXICO",-86.9223432,20.4229839,"cozumel, quintana roo, mexico"
QUINTANA ROO,PLAYA NORTE,"PLAYA NORTE, MEXICO",-91.83792919999999,18.6605822,"playa nte., cdad. del carmen, camp., mexico"
QUINTANA ROO,PUERTO JUAREZ,"PUERTO JUAREZ, MEXICO",-86.8085392,21.1602782,"puerto juarez, 77500 puerto cancún, quintana roo, mexico"
QUINTANA ROO,PUNTA ALLEN,"PUNTA ALLEN, MEXICO",-87.47711210000001,19.8002388,"77768 punta allen, quintana roo, mexico"
QUINTANA ROO,RIO HUACH,"RIO HUACH, MEXICO",-87.7650963,18.4234631,"77970 río huache, quintana roo, mexico"
QUINTANA ROO,RIO INDIO,"RIO INDIO, MEXICO",-87.66749999999999,18.8077777,"77977 río indio, q.r., mexico"
QUINTANA ROO,MUELLE FISCAL,"MUELLE FISCAL, MEXICO",-110.3185903,24.1613103,"paseo álvaro obregón 220, malecón, zona central, 23000 la paz, b.c.s., mexico"
SINALOA,ADOLFO LOPEZ MATEOS,"ADOLFO LOPEZ MATEOS, MEXICO",-99.26435339999999,19.5876954,"adolfo lopez mateos, cdad. lópez mateos, méx., mexico"
SINALOA,AGIABAMPO,"AGIABAMPO, MEXICO",-109.5419325,27.194835,"85239 agiabampo, sonora, mexico"
SINALOA,AGUA GRANDE,"AGUA GRANDE, MEXICO",-100.0210422,19.5303358,"50984 agua grande, méx., mexico"
SINALOA,AGUACALIENTITA,"AGUACALIENTITA, MEXICO",-102.2915677,21.8852562,"aguascalientes, mexico"
SINALOA,RIO SAN LORENZO,"RIO SAN LORENZO, MEXICO",-99.0676432,19.3192508,"río san lorenzo, lomas de san lorenzo, 09780 ciudad de méxico, cdmx, mexico"
SINALOA,AGUAS CONTINENTALES DEL ESTADO DE SINALOA,"AGUAS CONTINENTALES DEL ESTADO DE SINALOA, MEXICO",-107.4795173,25.1721091,"sinaloa, mexico"
SINALOA,ALTA MAR,"ALTA MAR, MEXICO",-102.552784,23.634501,mexico
SINALOA,ARROYO LOS CAUGUES,"ARROYO LOS CAUGUES, MEXICO",-102.552784,23.634501,mexico
SINALOA,ARROYO LOS CAUQUES,"ARROYO LOS CAUQUES, MEXICO",-102.552784,23.634501,mexico
SINALOA,PRESA AURELIO VENANCINES VIZCAINA,"PRESA AURELIO VENANCINES VIZCAINA, MEXICO",-102.552784,23.634501,mexico
SINALOA,AVIACION,"AVIACION, MEXICO",-102.552784,23.634501,mexico
SINALOA,BAHIA DE AGIABAMPO,"BAHIA DE AGIABAMPO, MEXICO",-109.1285472,26.2710852,"bahia de agiabampo, mexico"
SINALOA,BAHIA DE ALTATA,"BAHIA DE ALTATA, MEXICO",-107.4113758,24.783834,"bahía de altata, culiacán rosales, sin., mexico"
SINALOA,BAHIA ALTAMURA,"BAHIA ALTAMURA, MEXICO",-102.552784,23.634501,mexico
SINALOA,BAHIA DE CEUTA,"BAHIA DE CEUTA, MEXICO",-106.9286111,23.9019444,"82787 ceuta, sin., mexico"
SINALOA,BAHIA DE KINO,"BAHIA DE KINO, MEXICO",-111.9363016,28.8227474,"bahía kino, sonora, mexico"
SINALOA,BAHIA DE LA VINORAMA,"BAHIA DE LA VINORAMA, MEXICO",-109.5586222,23.2962073,"23532 la vinorama, b.c.s., mexico"
SINALOA,BAHIA DE LECHUGUILLA,"BAHIA DE LECHUGUILLA, MEXICO",-102.552784,23.634501,mexico
SINALOA,BAHIA DE MACAPULE,"BAHIA DE MACAPULE, MEXICO",-109.1487194,25.8860647,"81307 ejido macapul, sin., mexico"
SINALOA,BAHIA DE NAVACHISTE,"BAHIA DE NAVACHISTE, MEXICO",-108.8418325,25.4504379,"bahia navachiste, 81167 sinaloa, mexico"
SINALOA,BAHIA DE OHUIRA,"BAHIA DE OHUIRA, MEXICO",-108.985882,25.6311329,"bahía de ohuira, sinaloa, mexico"
SINALOA,BAHIA DE SANTA MARIA,"BAHIA DE SANTA MARIA, MEXICO",-108.3251617,25.2892355,"bahía de sta. maría, 81652 playa colorada, sin., mexico"
SINALOA,BAHIA SAN ESTEBAN,"BAHIA SAN ESTEBAN, MEXICO",-108.9995348,25.7945934,"bahía san esteban, los mochis, sin., mexico"
SINALOA,BARRA DE PIAXTLA,"BARRA DE PIAXTLA, MEXICO",-106.8013888,23.6636111,"82968 barras de piaxtla, sin., mexico"
SINALOA,BATURY,"BATURY, MEXICO",-108.236677,25.273287,"81653 batury, sinaloa, mexico"
SINALOA,BOCA DE LUGO,"BOCA DE LUGO, MEXICO",-102.552784,23.634501,mexico
SINALOA,BOCANITA,"BOCANITA, MEXICO",-98.90922429999999,16.6792428,"41860 la bocanita, guerrero, mexico"
SINALOA,BORDO PRIETO,"BORDO PRIETO, MEXICO",-109.9286926,27.5193131,"bordo prieto, 85019 cdad. obregón, son., mexico"
SINALOA,EL CASTILLO,"EL CASTILLO, MEXICO",-96.86592619999999,19.5469402,"el castillo, xalapa, ver., mexico"
SINALOA,EL COLORADITO,"EL COLORADITO, MEXICO",-108.718051,25.506245,"81166 el coloradito, sin., mexico"
SINALOA,EL COLORADO,"EL COLORADO, MEXICO",-108.8233331,26.7666666,"cerro colorado, sonora, mexico"
SINALOA,EL HECHO,"EL HECHO, MEXICO",-109.1170282,26.2857958,"81344 el hecho, sin., mexico"
SINALOA,BACOREHUIS,"BACOREHUIS, MEXICO",-109.1316236,26.2634954,"81344 bacorehuis, sin., mexico"
SINALOA,COSPITA,"COSPITA, MEXICO",-107.1293835,24.1052481,"80460 cospita, sinaloa, mexico"
SINALOA,COSTA AZUL,"COSTA AZUL, MEXICO",-109.7136965,23.0333953,"tourist corridor, costa azul, 23406 san josé del cabo, b.c.s., mexico"
SINALOA,EL TETUAN,"EL TETUAN, MEXICO",-107.9109656,24.6285642,"80363 tetuan nuevo, sinaloa, mexico"
SINALOA,LAS AGUAMITAS,"LAS AGUAMITAS, MEXICO",-107.79924,24.573836,"80365 las aguamitas, sinaloa, mexico"
SINALOA,LAZARO CARDENAS,"LAZARO CARDENAS, MEXICO",-102.1943485,17.9567646,"lázaro cárdenas, michoacán, mexico"
SINALOA,PLAYA COLORADA,"PLAYA COLORADA, MEXICO",-108.3244444,25.2897222,"81652 playa colorada, sinaloa, mexico"
SINALOA,CANDELONES,"CANDELONES, MEXICO",-105.2607863,21.5150106,"gp8q+2m, 63748 san blas, nayarit, mexico"
SINALOA,CAPOMITOS,"CAPOMITOS, MEXICO",-108.5129247,26.4148895,"81810 los capomitos, sin., mexico"
SINALOA,CASCABELES,"CASCABELES, MEXICO",-102.552784,23.634501,mexico
SINALOA,CELESTINO GASCA,"CELESTINO GASCA, MEXICO",-106.8799999,23.8194444,"82780 celestino gazca villaseñor, sinaloa, mexico"
SINALOA,CERRITOS,"CERRITOS, MEXICO",-100.2836708,22.4321301,"cerritos, san luis potosi, mexico"
SINALOA,CERRO CABEZON,"CERRO CABEZON, MEXICO",-108.8565537,25.5661016,"81118 el cerro cabezón, sin., mexico"
CHIAPAS,CHIAPAS,"CHIAPAS, MEXICO",-93.12923529999999,16.7569318,"chiapas, mexico"
SINALOA,CORTINA,"CORTINA, MEXICO",-102.552784,23.634501,mexico
SINALOA,PRESA ADOLFO LOPEZ MATEOS,"PRESA ADOLFO LOPEZ MATEOS, MEXICO",-107.3996674,25.1788983,"el humaya or varejonal, sinaloa, mexico"
SINALOA,PRESA EL SALTO,"PRESA EL SALTO, MEXICO",-106.702825,24.1556801,"el salto o elota, sinaloa, mexico"
SINALOA,PRESA LA CAMPANA,"PRESA LA CAMPANA, MEXICO",-103.4753832,25.3886813,"35189 la campana, dgo., mexico"
SINALOA,PRESA SANALONA,"PRESA SANALONA, MEXICO",-99.2121569,19.4433465,"presa sanalona, col. irrigación, 11500 ciudad de méxico, cdmx, mexico"
SINALOA,CRUZ DE ELOTA,"CRUZ DE ELOTA, MEXICO",-106.8915948,23.9211737,"la cruz, sinaloa, mexico"
SINALOA,DAUTILLOS,"DAUTILLOS, MEXICO",-107.9754059,24.720238,"80363 dautillos, sinaloa, mexico"
SINALOA,DIQUE LA ENSENADA,"DIQUE LA ENSENADA, MEXICO",-102.552784,23.634501,mexico
SINALOA,DIQUE LA PRIMAVERA,"DIQUE LA PRIMAVERA, MEXICO",-107.4155886,24.7200142,"80393 dique la primavera, sinaloa, mexico"
SINALOA,DIQUE LOS BECOS,"DIQUE LOS BECOS, MEXICO",-107.3282447,24.6112166,"dique los becos, 80433 culiacán rosales, sin., mexico"
SINALOA,DIQUE MARIQUITAS,"DIQUE MARIQUITAS, MEXICO",-107.6330555,25.0066666,"80954 dique mariquita, sinaloa, mexico"
SINALOA,DIQUE NUMERO 3,"DIQUE NUMERO 3, MEXICO",-102.552784,23.634501,mexico
SINALOA,DIQUE SANTA ROSA,"DIQUE SANTA ROSA, MEXICO",-102.552784,23.634501,mexico
SINALOA,DISTRITO DE RIEGO 108,"DISTRITO DE RIEGO 108, MEXICO",-98.4561322,21.7712667,"distrito de riego, centro, 92400 el higo, ver., mexico"
SINALOA,DISTRITO DE RIEGO 136,"DISTRITO DE RIEGO 136, MEXICO",-98.4561322,21.7712667,"distrito de riego, centro, 92400 el higo, ver., mexico"
SINALOA,DISTRITO DE RIEGO 26,"DISTRITO DE RIEGO 26, MEXICO",-98.4561322,21.7712667,"distrito de riego, centro, 92400 el higo, ver., mexico"
SINALOA,DISTRITO DE RIEGO 134,"DISTRITO DE RIEGO 134, MEXICO",-98.4561322,21.7712667,"distrito de riego, centro, 92400 el higo, ver., mexico"
SINALOA,DISTRITO DE RIEGO 63,"DISTRITO DE RIEGO 63, MEXICO",-98.4561322,21.7712667,"distrito de riego, centro, 92400 el higo, ver., mexico"
SINALOA,DISTRITO DE RIEGO 75,"DISTRITO DE RIEGO 75, MEXICO",-98.4561322,21.7712667,"distrito de riego, centro, 92400 el higo, ver., mexico"
SINALOA,DREN CINCO,"DREN CINCO, MEXICO",-109.9124678,27.4975992,"c. 10 maria, cdad. obregón, son., mexico"
SINALOA,JUAN JOSE RIOS,"JUAN JOSE RIOS, MEXICO",-108.8207876,25.7597559,"81110 juan josé ríos, sinaloa, mexico"
SINALOA,VALLE DEL CARRIZO,"VALLE DEL CARRIZO, MEXICO",-109.0214949,25.8067979,"valle del carrizo, valle bonito, 81234 los mochis, sin., mexico"
SINALOA,DISTRITO 74,"DISTRITO 74, MEXICO",-102.552784,23.634501,mexico
SINALOA,EJIDOS DE BARRON,"EJIDOS DE BARRON, MEXICO",-99.292509,19.605512,"manzana 028, barrón, colmena centro, 54475 cdad. nicolás romero, méx., mexico"
SINALOA,EL CHARCO,"EL CHARCO, MEXICO",-99.1947222,21.3883333,"76372 los charcos, qro., mexico"
SINALOA,EL CHILOCOTE,"EL CHILOCOTE, MEXICO",-102.552784,23.634501,mexico
SINALOA,EL COMEDERO,"EL COMEDERO, MEXICO",-106.789826,24.636629,"80743 el comedero, sin., mexico"
SINALOA,EL CUERVO,"EL CUERVO, MEXICO",-90.97999999999999,18.1074999,"24336 el paso del cuervo, camp., mexico"
SINALOA,EL HUIZACHE,"EL HUIZACHE, MEXICO",-100.4733176,18.9418419,"51457 el huizache, state of mexico, mexico"
SINALOA,EL JITZAMURI,"EL JITZAMURI, MEXICO",-109.2636111,26.2141666,"81308 jitzámuri, sin., mexico"
SINALOA,EL MAJAHUAL,"EL MAJAHUAL, MEXICO",-95.3637068,29.9025824,"1431 aldine mail rte rd, houston, tx 77039, usa"
SINALOA,EL MANGLITO,"EL MANGLITO, MEXICO",-110.334605,24.1470028,"barrio manglito, la paz, b.c.s., mexico"
SINALOA,EL OSTIAL,"EL OSTIAL, MEXICO",-106.2539506,23.0898976,"puente el ostial, sinaloa d-6, 82820 sin., mexico"
SINALOA,EL OSTIONAL,"EL OSTIONAL, MEXICO",-102.552784,23.634501,mexico
SINALOA,EL PITAYAL,"EL PITAYAL, MEXICO",-98.13904660000001,22.1357483,"92015 el pitayal, ver., mexico"
SINALOA,EL POZO DE LA HACIENDA,"EL POZO DE LA HACIENDA, MEXICO",-102.2810509,21.9258898,"pozo de la hacienda, 20126 aguascalientes, ags., mexico"
SINALOA,EL POZO DEL MARQUIZ,"EL POZO DEL MARQUIZ, MEXICO",-106.4273366,31.7042064,"del márquez, 32607 juárez, chih., mexico"
SINALOA,EL POZO DEL PADRE,"EL POZO DEL PADRE, MEXICO",-102.3243763,20.5335369,"pozo del padre, 47930 ayotlán, jal., mexico"
SINALOA,EL PUYEQUE,"EL PUYEQUE, MEXICO",-105.2244444,22.5986111,"63484 el puyeque, nay., mexico"
SINALOA,EL QUESO,"EL QUESO, MEXICO",-102.552784,23.634501,mexico
SINALOA,EL ROBLE SAN RAFAEL,"EL ROBLE SAN RAFAEL, MEXICO",-102.552784,23.634501,mexico
SINALOA,EL ROBLITO,"EL ROBLITO, MEXICO",-105.6713133,22.5070208,"63464 el roblito, nay., mexico"
SINALOA,EL SABALO,"EL SABALO, MEXICO",-90.5113397,19.8648685,"av. costera s/n, san miguel, 24027 san francisco de campeche, camp., mexico"
SINALOA,EL TENPLETE,"EL TENPLETE, MEXICO",-100.8360122,19.6153891,"58994 el templete, michoacán, mexico"
SINALOA,EL VERDE CAMACHO,"EL VERDE CAMACHO, MEXICO",-106.5825057,23.4426897,"santuario tortuguero el verde camacho, 82384 sin., mexico"
SINALOA,EL RASTRO,"EL RASTRO, MEXICO",-103.3507872,20.6267414,"el rastro, guadalajara, jal., mexico"
SINALOA,ISLA DE LA PIEDRA,"ISLA DE LA PIEDRA, MEXICO",-106.4081033,23.193738,"stone island, 82043 mazatlan, sinaloa, mexico"
SINALOA,LOS MOCHIS,"LOS MOCHIS, MEXICO",-108.985882,25.7904657,"los mochis, sinaloa, mexico"
SINALOA,ENSENADA DE LOS CARROS,"ENSENADA DE LOS CARROS, MEXICO",-116.5963713,31.8667427,"ensenada, baja california, mexico"
SINALOA,ENSENADA DEL PABELLON,"ENSENADA DEL PABELLON, MEXICO",-102.552784,23.634501,mexico
SINALOA,ESTACION DIMAS,"ESTACION DIMAS, MEXICO",-106.7807941,23.7215764,"82969 dimas, sin., mexico"
SINALOA,ESTERO CAPOA,"ESTERO CAPOA, MEXICO",-108.9987478,25.7936306,"estero capoa, los mochis, sin., mexico"
SINALOA,ESTERO DE PONCE,"ESTERO DE PONCE, MEXICO",-102.552784,23.634501,mexico
SINALOA,ESTERO DE URIAS,"ESTERO DE URIAS, MEXICO",-106.3765176,23.2148546,"estero de urías, urías, 82099 mazatlán, sin., mexico"
SINALOA,ESTERO LA BALLENA,"ESTERO LA BALLENA, MEXICO",-102.552784,23.634501,mexico
SINALOA,ESTERO LA BOCANITA,"ESTERO LA BOCANITA, MEXICO",-98.90922429999999,16.6792428,"41860 la bocanita, guerrero, mexico"
SINALOA,ESTERO LAS LAJITAS,"ESTERO LAS LAJITAS, MEXICO",-109.3656801,26.1070696,"estero las lajitas, 81334 sin., mexico"
SINALOA,ESTERO MALINES,"ESTERO MALINES, MEXICO",-98.1058692,25.9935294,"estero, 88930 cdad. río bravo, tamps., mexico"
SINALOA,EUSTAQUI BUELNA,"EUSTAQUI BUELNA, MEXICO",-108.0569021,25.4984611,"guamúchil, sinaloa, mexico"
SINALOA,EXPLANADA DEL FARO,"EXPLANADA DEL FARO, MEXICO",-104.3477338,19.110354,"la audiencia, 28867 manzanillo, col., mexico"
SINALOA,GRULLA,"GRULLA, MEXICO",-98.70527770000001,25.1233333,"88882 la grulla, tamps., mexico"
SINALOA,HEROICA GUAYMAS,"HEROICA GUAYMAS, MEXICO",-110.9090678,27.9110633,"guaymas, sonora, mexico"
SINALOA,BACURATO,"BACURATO, MEXICO",-107.8972646,25.8604863,"81973 bacurato, sin., mexico"
SINALOA,HIGUERAS DE ZARAGOZA,"HIGUERAS DE ZARAGOZA, MEXICO",-109.3017419,25.9662569,"81330 higuera de zaragoza, sinaloa, mexico"
SINALOA,IGUANITO,"IGUANITO, MEXICO",-102.552784,23.634501,mexico
SINALOA,JOSEFA ORTIZ DE DOMINGUEZ,"JOSEFA ORTIZ DE DOMINGUEZ, MEXICO",-112.4116666,30.5916666,"83723 josefa ortiz de domínguez, sonora, mexico"
SINALOA,LA ARENITAS,"LA ARENITAS, MEXICO",-109.7744217,26.7974287,"la arenita, 85246 las milpas, sonora, mexico"
SINALOA,LA BAYONA,"LA BAYONA, MEXICO",-105.4466666,22.5202777,"63410 la bayona, nay., mexico"
SINALOA,LA BRECHA,"LA BRECHA, MEXICO",-108.4191666,25.3711111,"81190 la brecha, sinaloa, mexico"
SINALOA,LA BRECHA TEACAPAN,"LA BRECHA TEACAPAN, MEXICO",-105.7371526,22.5401202,"82563 teacapán, sin., mexico"
SINALOA,LA CAIMANERA,"LA CAIMANERA, MEXICO",-98.9966731,19.2715808,"caimanera, la habana, 13050 ciudad de méxico, cdmx, mexico"
SINALOA,LA CAMPANA,"LA CAMPANA, MEXICO",-103.4753832,25.3886813,"35189 la campana, dgo., mexico"
SINALOA,LA CORTINA,"LA CORTINA, MEXICO",-103.3608948,25.5564846,"la cortina, torreón, coah., mexico"
SINALOA,LA ORQUETA,"LA ORQUETA, MEXICO",-94.182177,17.43288,"96990 la horqueta, ver., mexico"
SINALOA,LA PERLA,"LA PERLA, MEXICO",-92.3138124,15.1209121,"30800 la perla, chis., mexico"
SINALOA,LA PESQUERIA,"LA PESQUERIA, MEXICO",-100.0485536,25.7917265,"pesquería, nuevo leon, mexico"
SINALOA,LA PIONIA,"LA PIONIA, MEXICO",-101.1415647,20.0828671,"38987 la peonia, gto., mexico"
SINALOA,LA PITAYA,"LA PITAYA, MEXICO",-95.48105799999999,18.3246164,"95838 la pitahaya, ver., mexico"
SINALOA,LA PUNTILLA,"LA PUNTILLA, MEXICO",-98.77860419999999,21.9895885,"79220 la puntilla, san luis potosi, mexico"
SINALOA,LA TINAJA,"LA TINAJA, MEXICO",-96.4623319,18.7599915,"94995 la tinaja, ver., mexico"
SINALOA,LA VENA DE SOLIS,"LA VENA DE SOLIS, MEXICO",-105.2249659,20.6327574,"la vena, puerto vallarta, jal., mexico"
SINALOA,LA VENTANA,"LA VENTANA, MEXICO",-109.9891363,24.0464698,"23232 la ventana, bcs, mexico"
SINALOA,LA VIA Y RAMON,"LA VIA Y RAMON, MEXICO",-102.552784,23.634501,mexico
SINALOA,LAGUNA CHIRICAHUETO,"LAGUNA CHIRICAHUETO, MEXICO",-107.518925,24.5624629,"laguna de chiricahueto, 80395 sin., mexico"
SINALOA,ABOCHO,"ABOCHO, MEXICO",-106.9697222,24.0013888,"82774 abocho, sinaloa, mexico"
SINALOA,LAGUNA DE CAIMANERO,"LAGUNA DE CAIMANERO, MEXICO",-107.7216667,24.9536111,"laguna de caimanero, 80940 sin., mexico"
SINALOA,LAGUNA EL CAIMANERO,"LAGUNA EL CAIMANERO, MEXICO",-106.0680851,22.9089782,"82824 el caimanero, sin., mexico"
SINALOA,LAS BRISAS,"LAS BRISAS, MEXICO",-99.8626248,16.8246196,"las brisas, acapulco de juárez, gro., mexico"
SINALOA,LAS DIVISAS Y CARBANERAS,"LAS DIVISAS Y CARBANERAS, MEXICO",-102.552784,23.634501,mexico
SINALOA,LAS ESCOPAMAS,"LAS ESCOPAMAS, MEXICO",-106.4840256,23.3420144,"estero la escopama, sinaloa, mexico"
SINALOA,LAS GARZAS,"LAS GARZAS, MEXICO",-95.9690916,18.9081768,"95265 las garzas, ver., mexico"
SINALOA,LAS GRULLAS,"LAS GRULLAS, MEXICO",-110.3218519,24.1280862,"las grullas, 23070 la paz, b.c.s., mexico"
SINALOA,LAS IGUANAS,"LAS IGUANAS, MEXICO",-103.9642083,20.5601235,"46700 las iguanas, jalisco, mexico"
SINALOA,LAS LABRADAS,"LAS LABRADAS, MEXICO",-106.7669006,23.6205291,"82967 san ignacio, sin., mexico"
SINALOA,LAS LETRAS,"LAS LETRAS, MEXICO",-101.3422664,17.6395023,"40831 las letras, guerrero, mexico"
SINALOA,LAS PUENTES,"LAS PUENTES, MEXICO",-98.18439550000001,20.0444741,"las puentes, mexico"
SINALOA,LAS TAUNITAS,"LAS TAUNITAS, MEXICO",-108.253174,26.8989939,"vpxw+hp, 81712 el arco, sin., mexico"
SINALOA,LAS TRES TUMBAS,"LAS TRES TUMBAS, MEXICO",-102.552784,23.634501,mexico
SINALOA,NAVOLATO,"NAVOLATO, MEXICO",-107.7014482,24.7637822,"navolato, sinaloa, mexico"
SINALOA,ROSARIO,"ROSARIO, MEXICO",-105.8613233,22.9914716,"el rosario, sin., mexico"
SINALOA,TOPOLOBAMPO,"TOPOLOBAMPO, MEXICO",-109.0503685,25.6006925,"81370 topolobampo, sinaloa, mexico"
SINALOA,LOMA DE LAS GARZAS,"LOMA DE LAS GARZAS, MEXICO",-102.552784,23.634501,mexico
SINALOA,PRESA LOPEZ PORTILLO,"PRESA LOPEZ PORTILLO, MEXICO",-106.8480937,23.8673983,"presa lópez portillo, 82790 sin., mexico"
SINALOA,LOS CANDELONES,"LOS CANDELONES, MEXICO",-105.2516828,21.5140561,"gp7x+j8, 63748 matanchén, nayarit, mexico"
SINALOA,LOS DE A CABALLO,"LOS DE A CABALLO, MEXICO",-99.6365699,18.9478626,"calz. de mexicapa manzana 004, 51760 méxico, méx., mexico"
SINALOA,LOS DIQUES,"LOS DIQUES, MEXICO",-105.1533076,20.0122744,"48465 los diques, jal., mexico"
SINALOA,PRESA LOS HORCONES,"PRESA LOS HORCONES, MEXICO",-101.96866,18.4719791,"60920, 60935 mich., mexico"
SINALOA,LOS MALINES,"LOS MALINES, MEXICO",-102.552784,23.634501,mexico
SINALOA,LOS PUENTES,"LOS PUENTES, MEXICO",-99.2049249,22.8374537,"87990 los puentes, tamaulipas, mexico"
SINALOA,LOS SABALOS,"LOS SABALOS, MEXICO",-97.9507732,22.3903838,"los sábalos, 89607 altamira, tamps., mexico"
SINALOA,LOS VIVEROS,"LOS VIVEROS, MEXICO",-98.2537736,19.0710394,"los viveros, heroica puebla de zaragoza, pue., mexico"
SINALOA,MAHAHUAL,"MAHAHUAL, MEXICO",-87.7080247,18.715715,"77976 mahahual, quintana roo, mexico"
SINALOA,MAICULIS,"MAICULIS, MEXICO",-102.552784,23.634501,mexico
SINALOA,MALINES,"MALINES, MEXICO",-102.552784,23.634501,mexico
SINALOA,MANZANILLO,"MANZANILLO, MEXICO",-104.3170724,19.0536292,"manzanillo, colima, mexico"
SINALOA,LAS CABRAS,"LAS CABRAS, MEXICO",-94.18579419999999,17.8616316,"96986 las cabras, ver., mexico"
SINALOA,TECUALILLA,"TECUALILLA, MEXICO",-105.671725,22.766036,"82540 tecualilla, sin., mexico"
SINALOA,MARMOL,"MARMOL, MEXICO",-102.552784,23.634501,mexico
SINALOA,MEDINA,"MEDINA, MEXICO",-101.6200436,21.1489969,"medina, 37238 león de los aldama, gto., mexico"
SINALOA,EL FUERTE,"EL FUERTE, MEXICO",-108.6145938,26.417632,"81820 el fuerte, sinaloa, mexico"
SINALOA,NICOLAS NIPAROLI,"NICOLAS NIPAROLI, MEXICO",-102.552784,23.634501,mexico
SINALOA,NA,"NA, MEXICO",-102.552784,23.634501,mexico
SINALOA,ORILLA DEL ESTERO,"ORILLA DEL ESTERO, MEXICO",-102.552784,23.634501,mexico
SINALOA,RIO HUMAYA,"RIO HUMAYA, MEXICO",-107.4085387039507,24.86615045478019,"río humaya, sinaloa, mexico"
SINALOA,PAREDONES,"PAREDONES, MEXICO",-102.0639732,20.2580558,"59423 paredones, mich., mexico"
SINALOA,PERICOS,"PERICOS, MEXICO",-107.6998212,25.0830143,"80950 pericos, sin., mexico"
SINALOA,PLAN DE GUADALUPE,"PLAN DE GUADALUPE, MEXICO",-103.7347222,23.9636111,"99114 plan de guadalupe, zac., mexico"
SINALOA,PLAYA DE TEACAPAN,"PLAYA DE TEACAPAN, MEXICO",-106.4253852,23.2522158,"playa de teacapan, playas, 82128 mazatlán, sin., mexico"
SINALOA,PLAYA NORTE,"PLAYA NORTE, MEXICO",-91.83792919999999,18.6605822,"playa nte., cdad. del carmen, camp., mexico"
SINALOA,PLAYA SUR,"PLAYA SUR, MEXICO",-106.4214477,23.1919551,"playas del sur, mazatlán, sin., mexico"
SINALOA,PLAYA TEACAPAN,"PLAYA TEACAPAN, MEXICO",-106.4253852,23.2522158,"playa de teacapan, playas, 82128 mazatlán, sin., mexico"
SINALOA,POZO DE HACIENDA,"POZO DE HACIENDA, MEXICO",-102.552784,23.634501,mexico
SINALOA,POZO MUCIO,"POZO MUCIO, MEXICO",-99.0508947,19.2964882,"muzio clementi, ciudad de méxico, cdmx, mexico"
SINALOA,PRESA EUSTAQUIO BUELNA,"PRESA EUSTAQUIO BUELNA, MEXICO",-108.0652983,25.484671,"81526 guamúchil, sinaloa, mexico"
SINALOA,PRESA GUILLERMO BLAKE AGUILAR,"PRESA GUILLERMO BLAKE AGUILAR, MEXICO",-108.2833333,26.15,"presa guillermo blake aguilar, 81963 sin., mexico"
SINALOA,PRESA GUSTAVO DIAZ ORDAZ,"PRESA GUSTAVO DIAZ ORDAZ, MEXICO",-107.8998566,25.8812226,"lic gustavo díaz ordaz (bacurato), sinaloa, mexico"
SINALOA,PRESA JOSE LOPEZ PORTILLO,"PRESA JOSE LOPEZ PORTILLO, MEXICO",-106.8085875,24.5706731,"presa el comedero, 80737 sinaloa, sin., mexico"
SINALOA,PRESA JOSEFA ORTIZ DE DOMINGUEZ,"PRESA JOSEFA ORTIZ DE DOMINGUEZ, MEXICO",-109.0356556,26.2699989,"presa josefa ortiz de domínguez, 81343 gustavo díaz ordaz, sin., mexico"
SINALOA,PRESA LAS HIGUERAS,"PRESA LAS HIGUERAS, MEXICO",-105.97246320000001,23.0747621,"82833 sinaloa, mexico"
SINALOA,PRESA LUIS DONALDO COLOSIO,"PRESA LUIS DONALDO COLOSIO, MEXICO",-108.368889,26.844722,"presa huites, 81713 sin., mexico"
SINALOA,PRESA MIGUEL HIDALGO Y COSTILLA,"PRESA MIGUEL HIDALGO Y COSTILLA, MEXICO",-107.3821179,24.8135104,"presa miguel hidalgo y costilla, las quintas, 80060 culiacán rosales, sin., mexico"
SINALOA,PRESA PICACHOS,"PRESA PICACHOS, MEXICO",-106.3930289,23.274898,"presa picachos, 82134 mazatlán, sin., mexico"
SINALOA,PRESA VINORAMAS,"PRESA VINORAMAS, MEXICO",-107.0502524,24.750099,"80380 vinoramas, sin., mexico"
SINALOA,RIO PRESIDIO,"RIO PRESIDIO, MEXICO",-105.8764814941588,23.54704013595498,"presidio river, mexico"
SINALOA,PUENTE DE AGUA VERDE,"PUENTE DE AGUA VERDE, MEXICO",-105.9709756,22.8919894,"82877 agua verde, sinaloa, mexico"
SINALOA,PUENTE JUAREZ,"PUENTE JUAREZ, MEXICO",-99.4090625,19.6373276,"puente de juárez, 54430 santa maría magdalena cahuacán, méx., mexico"
SINALOA,PUENTE QUILA,"PUENTE QUILA, MEXICO",-107.385982,24.7991555,"quila, antonio rosales, 80230 culiacán rosales, sin., mexico"
SINALOA,PUERTA DE MEXICO,"PUERTA DE MEXICO, MEXICO",-106.1666303,28.7481964,"c. prta de méxico, 31170 chihuahua, chih., mexico"
SINALOA,PUERTA DEL FLOJO,"PUERTA DEL FLOJO, MEXICO",-102.552784,23.634501,mexico
SINALOA,ALTATA,"ALTATA, MEXICO",-107.9325,24.6355555,"80363 altata, sinaloa, mexico"
SINALOA,PUERTO MADERO,"PUERTO MADERO, MEXICO",-92.4255775,14.7193519,"30830 port chiapas, chis., mexico"
SONORA,PUERTO PENASCO,"PUERTO PENASCO, MEXICO",-113.5372062,31.3194877,"puerto peñasco, sonora, mexico"
SINALOA,PUNTA DE GRANO,"PUNTA DE GRANO, MEXICO",-102.552784,23.634501,mexico
SINALOA,PUNTA DE SAN MIGUEL,"PUNTA DE SAN MIGUEL, MEXICO",-101.3480698,20.6777465,"barrio de san miguel, 36510 irapuato, gto., mexico"
SINALOA,PUNTA PRESITA,"PUNTA PRESITA, MEXICO",-102.552784,23.634501,mexico
SINALOA,PUNTA SAN MIGUEL,"PUNTA SAN MIGUEL, MEXICO",-103.3898805,25.5399577,"punta san miguel, 27085 torreón, coah., mexico"
SINALOA,PUNTILLA DE HUIZACHE,"PUNTILLA DE HUIZACHE, MEXICO",-90.6614766,17.8372691,"24334 el ramonal, camp., mexico"
SINALOA,LOS POCHOTES,"LOS POCHOTES, MEXICO",-107.7627777,24.8422222,"80332 los pochotes, sin., mexico"
SINALOA,RIO BALUARTE,"RIO BALUARTE, MEXICO",-105.8174224250202,23.25139958620077,"baluarte river, mexico"
SINALOA,RIO CULIACAN,"RIO CULIACAN, MEXICO",-107.5624088121752,24.65007015924312,"culiacán river, sinaloa, mexico"
SINALOA,RIO DIQUES Y CANALES,"RIO DIQUES Y CANALES, MEXICO",-102.552784,23.634501,mexico
SINALOA,RIO ELOTA,"RIO ELOTA, MEXICO",-106.7942851794355,24.00632587688061,"elota river, sinaloa, mexico"
SINALOA,RIO SINALOA,"RIO SINALOA, MEXICO",-109.1616195,25.9396616,"río, 81312 cohuibampo, sin., mexico"
SINALOA,RIO TAMAZULA,"RIO TAMAZULA, MEXICO",-107.3992285241813,24.81248697191292,"tamazula river, desarrollo urbano tres ríos, 80020 culiacán, sinaloa, mexico"
SINALOA,SALINA CRUZ,"SALINA CRUZ, MEXICO",-95.20876249999999,16.1842839,"salina cruz, oaxaca, mexico"
SINALOA,SALTO CHICO,"SALTO CHICO, MEXICO",-101.0673917,19.2018476,"58496 salto chico, michoacán, mexico"
SINALOA,SALVADOR ALVARADO,"SALVADOR ALVARADO, MEXICO",-108.0785167,25.4606326,"salvador alvarado municipality, sinaloa, mexico"
SINALOA,SAN BUENAVENTURA,"SAN BUENAVENTURA, MEXICO",-101.5441455,27.0554305,"san buenaventura, coahuila, mexico"
SINALOA,SAN FELIPE,"SAN FELIPE, MEXICO",-114.8407776,31.0250709,"21850 san felipe, baja california, mexico"
SINALOA,AGUA DULCE,"AGUA DULCE, MEXICO",-94.1436033,18.1425936,"agua dulce, ver., mexico"
SINALOA,EL EBANITO,"EL EBANITO, MEXICO",-97.6119444,25.9538888,"87557 el ebanito, tamps., mexico"
SINALOA,LA ESTACADA,"LA ESTACADA, MEXICO",-103.0335336,19.9324608,"49515 la estacada, jal., mexico"
SINALOA,LA DRAGA,"LA DRAGA, MEXICO",-99.04259770000002,19.2840056,"la draga, ciudad de méxico, cdmx, mexico"
SINALOA,LA GUANERA,"LA GUANERA, MEXICO",-106.3098464,23.2015698,"82267 la guanera, sinaloa, mexico"
SINALOA,LAS COYOTAS,"LAS COYOTAS, MEXICO",-102.552784,23.634501,mexico
SINALOA,TAPO POZO DE LA HACIENDA,"TAPO POZO DE LA HACIENDA, MEXICO",-106.1562639,23.009387,"82820 teodoro beltrán, sin., mexico"
SINALOA,TAPO REVOLUCION,"TAPO REVOLUCION, MEXICO",-99.11224480000001,19.4300789,"terminal de autobuses de pasajeros de oriente, calz. ignacio zaragoza 200, 10 de mayo, venustiano carranza, 15290 ciudad de méxico, cdmx, mexico"
SINALOA,TEACAPAN,"TEACAPAN, MEXICO",-105.7371526,22.5401202,"82563 teacapán, sin., mexico"
SINALOA,TECHOBAMPO,"TECHOBAMPO, MEXICO",-108.8849999,27.3016666,"techobampo, son., mexico"
SINALOA,TEHUECO,"TEHUECO, MEXICO",-108.7452776,26.2955556,"81807 tehueco, sin., mexico"
SINALOA,TEODORO BELTRAN,"TEODORO BELTRAN, MEXICO",-106.1562639,23.009387,"82820 teodoro beltrán, sin., mexico"
SINALOA,TRES ISLAS,"TRES ISLAS, MEXICO",-102.552784,23.634501,mexico
SINALOA,VACAS Y CALERAS,"VACAS Y CALERAS, MEXICO",-103.88065,18.994732,"28930 caleras, col., mexico"
SINALOA,VAREJONAL,"VAREJONAL, MEXICO",-107.3952777,25.0941666,"80586 el varejonal, sin., mexico"
SINALOA,VARIOS,"VARIOS, MEXICO",-102.552784,23.634501,mexico
SINALOA,VARIOS CAMPOS,"VARIOS CAMPOS, MEXICO",-102.552784,23.634501,mexico
SINALOA,ISLA LAS VIEJAS,"ISLA LAS VIEJAS, MEXICO",-109.51555,26.7048374,"85252 yavaros, son., mexico"
SINALOA,ZATAYA,"ZATAYA, MEXICO",-107.657455,24.628643,"80370 sataya, sin., mexico"
SONORA,AGIAMPO,"AGIAMPO, MEXICO",-102.552784,23.634501,mexico
SONORA,AQUIROPO,"AQUIROPO, MEXICO",-102.552784,23.634501,mexico
SONORA,ASTILLERO NAVARRO,"ASTILLERO NAVARRO, MEXICO",-102.552784,23.634501,mexico
SONORA,BAHIA ADAIR,"BAHIA ADAIR, MEXICO",-113.7400706,31.5404223,"bahia adair, mexico"
SONORA,BAHIA AGIABAMPO,"BAHIA AGIABAMPO, MEXICO",-106.3842168,23.2388391,"bahía agiabampo, rincón de urias, 82070 mazatlán, sin., mexico"
SONORA,BAHIA BACHOCO,"BAHIA BACHOCO, MEXICO",-102.552784,23.634501,mexico
SONORA,BAHIA DEL TOBARI,"BAHIA DEL TOBARI, MEXICO",-109.9565302,27.4787822,"bahía del tóbari, prados del tepeyac, 85150 cdad. obregón, son., mexico"
SONORA,BAHIA GUAYMAS,"BAHIA GUAYMAS, MEXICO",-110.9190121,27.9578915,"p.º de la bahía, 85426 guaymas, son., mexico"
SONORA,BAHIA LOBOS,"BAHIA LOBOS, MEXICO",-110.4537662,27.351756,"85519 bahía de lobos, sonora, mexico"
SONORA,BAHIA SAN JORGE,"BAHIA SAN JORGE, MEXICO",-100.1121248,25.6936155,"bahía san jorge, 67258 cdad. benito juárez, n.l., mexico"
SONORA,BAHIA TOBARI,"BAHIA TOBARI, MEXICO",-109.9565302,27.4787822,"bahía del tóbari, prados del tepeyac, 85150 cdad. obregón, son., mexico"
SONORA,BAHIA VENECIA,"BAHIA VENECIA, MEXICO",-117.0889173,32.5302575,"bahia la venecia, el mirador, 22520 tijuana, b.c., mexico"
SONORA,BAHIA YAVAROS,"BAHIA YAVAROS, MEXICO",-99.0685371,19.6650796,"bahía, bahias de jaltenco, 55783 alborada jaltenco, méx., mexico"
SONORA,BAJA VENECIA,"BAJA VENECIA, MEXICO",-102.552784,23.634501,mexico
SONORA,BALNEARIO VENECIA,"BALNEARIO VENECIA, MEXICO",-102.552784,23.634501,mexico
SONORA,BELLAVISTA,"BELLAVISTA, MEXICO",-101.0075514,25.4063833,"bellavista, saltillo, coah., mexico"
SONORA,BOCA DEL RIO MAYO,"BOCA DEL RIO MAYO, MEXICO",-109.7920116,26.7310742,"85246 huatabampo, sonora, mexico"
SONORA,BORRASCOSO,"BORRASCOSO, MEXICO",-114.038837,31.4917435,"el borrascoso, el borrascoso,, 83548 sonora, mexico"
SONORA,CABO HARO,"CABO HARO, MEXICO",-110.8861111,27.845,"cabo haro, 85487 sonora, mexico"
SONORA,CABO TEPOPA,"CABO TEPOPA, MEXICO",-112.4205556,29.3758333,"cabo tepopa, 83990 sonora, mexico"
SONORA,CANAL DEL INFIERNILLO,"CANAL DEL INFIERNILLO, MEXICO",-112.167664,29.101181,"estrecho del infiernillo, 83337 son., mexico"
SONORA,CERRO PRIETO,"CERRO PRIETO, MEXICO",-100.4322971,20.2169609,"38594 cerro prieto, gto., mexico"
SONORA,EL BORRASCOSO,"EL BORRASCOSO, MEXICO",-114.038837,31.4917435,"el borrascoso, el borrascoso,, 83548 sonora, mexico"
SONORA,EL CHOYUDO,"EL CHOYUDO, MEXICO",-111.4527777,28.322222,"83316 el choyudo, sonora, mexico"
SONORA,EL COCHORIT,"EL COCHORIT, MEXICO",-102.552784,23.634501,mexico
SONORA,EL DESEMBOQUE,"EL DESEMBOQUE, MEXICO",-112.3961121,29.5046441,"83990 el desemboque, sonora, mexico"
SONORA,EL MERO,"EL MERO, MEXICO",9.2750437,48.8139732,"cannstatter str. 117, 70734 fellbach, germany"
SONORA,EL RASTRO,"EL RASTRO, MEXICO",-103.3507872,20.6267414,"el rastro, guadalajara, jal., mexico"
SONORA,EL SAHUIMARO,"EL SAHUIMARO, MEXICO",-102.552784,23.634501,mexico
SONORA,EL SARGENTO,"EL SARGENTO, MEXICO",-109.9941666,24.0802777,"23232 el sgto., b.c.s., mexico"
SONORA,EL SIARIC,"EL SIARIC, MEXICO",-109.8897808,26.9224194,"playa el siaric, 85288 etchojoa, son., mexico"
SONORA,EL TECORI,"EL TECORI, MEXICO",-108.929406,28.364299,"85786 tecori, son., mexico"
SONORA,EL TOMATE,"EL TOMATE, MEXICO",-105.87405,23.126979,"82830 el jitomate, sin., mexico"
SONORA,EL TORNILLAL,"EL TORNILLAL, MEXICO",-114.2958332,31.5791666,"83548 el tornillal, son., mexico"
SONORA,EL VERTEDOR,"EL VERTEDOR, MEXICO",-106.8144143,24.5712367,"80737 el vertedor, sinaloa, mexico"
SONORA,ESTERO ATANASIA,"ESTERO ATANASIA, MEXICO",-106.4177672,23.2277534,"estero, mazatlán, sin., mexico"
SONORA,ESTERO SAN JOSE,"ESTERO SAN JOSE, MEXICO",-109.6857461,23.050623,"blvd. antonio mijares s/n, campo de golf fonatur, 23400 san josé del cabo, b.c.s., mexico"
SONORA,GUAYMAS,"GUAYMAS, MEXICO",-110.9090678,27.9110633,"guaymas, sonora, mexico"
SONORA,HUATABAMPITO,"HUATABAMPITO, MEXICO",-109.6418609,26.8271492,"huatabampo, sonora, mexico"
SONORA,ISLA TIBURON,"ISLA TIBURON, MEXICO",-112.3814624,29.0004089,"tiburón island, 83338 sonora, mexico"
SONORA,LA ATANACIA,"LA ATANACIA, MEXICO",-110.0008267,27.4908778,"blvd. antonio caso 3853, villas del rey, 85136 cdad. obregón, son., mexico"
SONORA,LA ATANASIA,"LA ATANASIA, MEXICO",-110.0008267,27.4908778,"blvd. antonio caso 3853, villas del rey, 85136 cdad. obregón, son., mexico"
SONORA,LA CAIMANZA,"LA CAIMANZA, MEXICO",-102.552784,23.634501,mexico
SONORA,LA CINITA,"LA CINITA, MEXICO",-102.552784,23.634501,mexico
SONORA,LA CORTINA,"LA CORTINA, MEXICO",-103.3608948,25.5564846,"la cortina, torreón, coah., mexico"
SONORA,LA MANGA,"LA MANGA, MEXICO",-99.7890864,20.3450303,"42423 huixcazdhá, hgo., mexico"
SONORA,LA VIUDA,"LA VIUDA, MEXICO",-102.552784,23.634501,mexico
SONORA,LAS CUEVITAS,"LAS CUEVITAS, MEXICO",-99.2376827,19.3581615,"las cuevitas, 01550 ciudad de méxico, cdmx, mexico"
SONORA,LAS GUASIMAS,"LAS GUASIMAS, MEXICO",-104.6791666,21.1861111,"63820 las guásimas, nay., mexico"
SONORA,SAN CARLOS,"SAN CARLOS, MEXICO",-111.0370989,27.9617875,"85506 san carlos nuevo guaymas, sonora, mexico"
SONORA,LITORAL,"LITORAL, MEXICO",-102.552784,23.634501,mexico
SONORA,LOS ALGODONES,"LOS ALGODONES, MEXICO",-114.7365544,32.7134113,"21970 los algodones, baja california, mexico"
SONORA,LOS BANOS,"LOS BANOS, MEXICO",-106.285423,26.805428,"33577 baños de abajo, chih., mexico"
SONORA,LOS MELAGOS,"LOS MELAGOS, MEXICO",-110.298611,27.1547221,"85518 los mélagos, son., mexico"
SONORA,MANO PANTERA,"MANO PANTERA, MEXICO",-102.552784,23.634501,mexico
SONORA,MAZATLAN,"MAZATLAN, MEXICO",-106.4111425,23.2494148,"mazatlan, sinaloa, mexico"
SONORA,MIRAMAR,"MIRAMAR, MEXICO",-97.87006389999999,22.3384943,"miramar, tamaulipas, mexico"
SONORA,MUELLE F. RANCHO KUL,"MUELLE F. RANCHO KUL, MEXICO",-102.552784,23.634501,mexico
SONORA,PARAJE NUEVO,"PARAJE NUEVO, MEXICO",-96.8623434,18.8770747,"94940 paraje nuevo, ver., mexico"
SONORA,PARAJE VIEJO,"PARAJE VIEJO, MEXICO",-97.81212269999999,17.0215459,"71114 paraje viejo, oaxaca, mexico"
SONORA,PAREDON COLORADO,"PAREDON COLORADO, MEXICO",-109.9303338,27.0776387,"85298 paredón colorado, sonora, mexico"
SONORA,PENASCO,"PENASCO, MEXICO",-113.5372062,31.3194877,"puerto peñasco, sonora, mexico"
SONORA,PESQUERA MEXICO,"PESQUERA MEXICO, MEXICO",-116.7096598,31.8999489,"c. primera 3511, fondeport, 22760 el sauzal, b.c., mexico"
SONORA,PLAYA DEL SOL,"PLAYA DEL SOL, MEXICO",-93.78427769999999,15.9188973,"30507 playa del sol, chis., mexico"
SONORA,PRESA ALVARO OBREGON,"PRESA ALVARO OBREGON, MEXICO",-99.1951586,19.3410264,"presa, tizapán san ángel, 01090 ciudad de méxico, cdmx, mexico"
SONORA,PRESA BACHOCO,"PRESA BACHOCO, MEXICO",-102.552784,23.634501,mexico
SONORA,PRESA CUAUHTEMOC,"PRESA CUAUHTEMOC, MEXICO",-106.8808985,28.4112591,"la presa, 31510 cuauhtémoc, chih., mexico"
SONORA,PRESA EL NOVILLO,"PRESA EL NOVILLO, MEXICO",-109.642222,28.977222,"lake novillo, 85646 sonora, mexico"
SONORA,PRESA JINCORIS,"PRESA JINCORIS, MEXICO",-109.5894029,27.5071851,"gc46+v6, 85737 los amigos, son., mexico"
SONORA,PRESA OVIACHI,"PRESA OVIACHI, MEXICO",-99.2071608,19.4427912,"presa oviachic, ciudad de méxico, cdmx, mexico"
SONORA,PUERTO ANGEL,"PUERTO ANGEL, MEXICO",-96.49131369999999,15.6680076,"70902 puerto ángel, oaxaca, mexico"
SONORA,PUERTO DE ABRIGO,"PUERTO DE ABRIGO, MEXICO",-90.4025051,20.8496062,"puerto abrigo, 97367 celestún, yucatan, mexico"
SONORA,PUERTO VALLARTA,"PUERTO VALLARTA, MEXICO",-105.211358,20.6565177,"puerto vallarta, jalisco, mexico"
SONORA,PUNTA ABREOJOS,"PUNTA ABREOJOS, MEXICO",-113.5743381,26.7173026,"23970 punta abreojos, bcs, mexico"
SONORA,PUNTA CALAVERA,"PUNTA CALAVERA, MEXICO",-102.552784,23.634501,mexico
SONORA,PUNTA LOBOS,"PUNTA LOBOS, MEXICO",-110.2313313,23.4142703,"punta lobos, todos santos, la paz-todos los santos, 23362 todos santos, b.c.s., mexico"
SONORA,RECINTO PORTUARIO,"RECINTO PORTUARIO, MEXICO",-102.1890042,17.9723734,"recinto portuario, 60950 cdad. lázaro cárdenas, mich., mexico"
SONORA,RIB. ALTA 2DA SEC.,"RIB. ALTA 2DA SEC., MEXICO",-102.552784,23.634501,mexico
SONORA,SAN PEDRO NOLASCO,"SAN PEDRO NOLASCO, MEXICO",-111.3769118,27.9629897,"san pedro nolasco island, sonora, mexico"
SONORA,SANCHEZ MAGALLANES,"SANCHEZ MAGALLANES, MEXICO",-93.8617127,18.2952957,"sánchez magallanes, tabasco, mexico"
SONORA,SANTA LUGARDA,"SANTA LUGARDA, MEXICO",-99.2594893,19.4590518,"sta. lugarda, 53490 naucalpan de juárez, méx., mexico"
SONORA,SANTO DOMINGO,"SANTO DOMINGO, MEXICO",-99.1905974,19.4887086,"santo domingo, ciudad de méxico, cdmx, mexico"
YUCATAN,ABRIGO DZILAM,"ABRIGO DZILAM, MEXICO",-99.240739,19.2796863,"dzilam, 14100 ciudad de méxico, cdmx, mexico"
YUCATAN,AGUAS DE YUCATAN,"AGUAS DE YUCATAN, MEXICO",-89.0943377,20.7098786,"yucatan, mexico"
YUCATAN,ARBOLILLO,"ARBOLILLO, MEXICO",-95.83604310000001,18.816794,"95259 arbolillo, ver., mexico"
YUCATAN,BAHIA ASUNCION,"BAHIA ASUNCION, MEXICO",-114.2951212,27.1398833,"23960 bahía asunción, b.c.s., mexico"
YUCATAN,CHELEM,"CHELEM, MEXICO",-89.7500001,21.2666669,"chelem, yucatan, mexico"
YUCATAN,CIUDAD DEL CARMEN,"CIUDAD DEL CARMEN, MEXICO",-91.80745859999999,18.6504879,"ciudad del carmen, campeche, mexico"
YUCATAN,EL ARROYO,"EL ARROYO, MEXICO",-99.1926388,19.3096813,"el arroyo, insurgentes cuicuilco, 04530 ciudad de méxico, cdmx, mexico"
YUCATAN,EL TREBOL,"EL TREBOL, MEXICO",-105.6174277,22.7237045,"82550 el trébol, sin., mexico"
YUCATAN,ESTERO DE EL CUYO,"ESTERO DE EL CUYO, MEXICO",-87.67833329999999,21.5158333,"97707 el cuyo, yuc., mexico"
YUCATAN,ESTERO DE LA RIA DE CELESTUN,"ESTERO DE LA RIA DE CELESTUN, MEXICO",-90.3418927,20.9443621,"ría celestún, mexico"
YUCATAN,ESTERO DE RIO LAGARTOS,"ESTERO DE RIO LAGARTOS, MEXICO",-88.1578978,21.5964824,"97720 río lagartos, yucatan, mexico"
YUCATAN,ESTERO DE YUCALPETEN,"ESTERO DE YUCALPETEN, MEXICO",-89.6604593,20.9771516,"yucalpetén, mérida, yuc., mexico"
YUCATAN,HOLCHIT,"HOLCHIT, MEXICO",-88.16540359999999,21.6130393,"97723 holchit, yuc., mexico"
YUCATAN,FRENTE A SAN CRISANTO,"FRENTE A SAN CRISANTO, MEXICO",-89.1723854,21.3532726,"97424 san crisanto, yuc., mexico"
YUCATAN,FRONTERA,"FRONTERA, MEXICO",-101.4446968,26.9377144,"ciudad frontera, coahuila, mexico"
YUCATAN,ISLA CONTOY,"ISLA CONTOY, MEXICO",-86.7944127,21.4953561,"isla contoy, quintana roo, mexico"
YUCATAN,LA CALETA,"LA CALETA, MEXICO",-102.552784,23.634501,mexico
YUCATAN,NAULAR,"NAULAR, MEXICO",-102.552784,23.634501,mexico
YUCATAN,PLAYA DE CHABIHAU,"PLAYA DE CHABIHAU, MEXICO",-89.11793510000001,21.3565769,"yuc 27 106, 97426 chabihau, yuc., mexico"
YUCATAN,CHICXULUB,"CHICXULUB, MEXICO",-89.61362260000001,21.2930955,"chicxulub, yuc., mexico"
YUCATAN,PLAYA CHUBURNA PUERTO,"PLAYA CHUBURNA PUERTO, MEXICO",-89.80844499999999,21.255909,"playa chuburna puerto, c. 2d, chuburna puerto, 97336 chuburná, yuc., mexico"
YUCATAN,DZILAM DE BRAVO,"DZILAM DE BRAVO, MEXICO",-88.8916342,21.3930391,"97606 dzilam de bravo municipality, yucatan, mexico"
YUCATAN,LAS COLORADAS,"LAS COLORADAS, MEXICO",-87.9913196,21.6082868,"97723 las coloradas, yuc., mexico"
YUCATAN,PROGRESO,"PROGRESO, MEXICO",-89.66516279999999,21.2811908,"progreso, yucatan, mexico"
YUCATAN,SAN BRUNO,"SAN BRUNO, MEXICO",-112.1586111,27.1602777,"23910 san bruno, bcs, mexico"
YUCATAN,SAN CRISANTO,"SAN CRISANTO, MEXICO",-89.1723854,21.3532726,"97424 san crisanto, yuc., mexico"
YUCATAN,SANTA CLARA,"SANTA CLARA, MEXICO",-101.6396979,19.4064279,"salvador escalante, michoacán, mexico"
YUCATAN,SISAL,"SISAL, MEXICO",-90.0244872,21.1667573,"97356 sisal, yucatan, mexico"
YUCATAN,UAYMITUN,"UAYMITUN, MEXICO",-89.51281999999999,21.3135172,"playa uaymitun, yucatán, mexico"
YUCATAN,DZILAM,"DZILAM, MEXICO",-88.8916342,21.3930391,"97606 dzilam de bravo municipality, yucatan, mexico"
YUCATAN,PUERTO ABRIGO,"PUERTO ABRIGO, MEXICO",-90.4025051,20.8496062,"puerto abrigo, 97367 celestún, yucatan, mexico"
YUCATAN,CHABIHAU,"CHABIHAU, MEXICO",-89.11997290000001,21.3559884,"97426 chabihau, yuc., mexico"
YUCATAN,PUERTO DE ABRIGO DE CHUBURNA,"PUERTO DE ABRIGO DE CHUBURNA, MEXICO",-89.7021836,21.2760433,"puerto de abrigo, progreso, yuc., mexico"
YUCATAN,PUERTO JUAREZ,"PUERTO JUAREZ, MEXICO",-86.8085392,21.1602782,"puerto juarez, 77500 puerto cancún, quintana roo, mexico"
YUCATAN,PUNTA BACHUL,"PUNTA BACHUL, MEXICO",-98.3452147,26.0397309,"c. punta los bachul, puerta del sol, 88736 reynosa, tamps., mexico"
YUCATAN,PUNTA PIEDRA,"PUNTA PIEDRA, MEXICO",-116.884969,32.0855409,"22765 punta piedra, b.c., mexico"
YUCATAN,PUNTA YAXCUBUL,"PUNTA YAXCUBUL, MEXICO",-102.552784,23.634501,mexico
YUCATAN,REFUGIO PESQUERO,"REFUGIO PESQUERO, MEXICO",-90.5504587,19.8389708,"av. justo sierra méndez 270, barrio de san román, 24040 san francisco de campeche, camp., mexico"
YUCATAN,TABLAS,"TABLAS, MEXICO",-102.552784,23.634501,mexico
YUCATAN,TAMIAHUA,"TAMIAHUA, MEXICO",-97.44692470000001,21.2786097,"92560 tamiahua, ver., mexico"
YUCATAN,TELCHAC,"TELCHAC, MEXICO",-89.2636045,21.3419002,"97407 telchac puerto, yucatan, mexico"
YUCATAN,TUXPAN,"TUXPAN, MEXICO",-97.40633509999999,20.9561149,"túxpam de rodríguez cano, ver., mexico"
YUCATAN,VICTORIA,"VICTORIA, MEXICO",-99.14111539999999,23.7369164,"ciudad victoria, tamaulipas, mexico"
YUCATAN,YUCALPETEN,"YUCALPETEN, MEXICO",-89.6604593,20.9771516,"yucalpetén, mérida, yuc., mexico"
