NOM_ENT,NOM_LOC_ORIGINAL,nom_loc,CVE_LOC,CVE_MUN,latitud,longitud
BAJA CALIFORNIA,ARBOLITOS,Arbolitos [Puerto],020011168,02001,31.7033242,-116.6845397
BAJA CALIFORNIA,ARBOLITOS,Arbolitos [Rancho],020010679,02001,31.7304061,-116.4015122
BAJA CALIFORNIA,ARBOLITOS,Los Arbolitos,020021076,02002,32.4851572,-115.3603667
BAJA CALIFORNIA,ARBOLITOS,Los Arbolitos,020060541,02006,30.9602392,-116.0454464
BAJA CALIFORNIA,ARBOLITOS,Santa Cecilia [Rancho los Arbolitos],020014662,02001,31.7270944,-116.4068664
BAJA CALIFORNIA,ARBOLITOS,Los Arbolitos,020050141,02005,32.3898281,-117.0813897
BAJA CALIFORNIA,ARBOLITOS,Los Arbolitos (Pipila),020015905,02001,31.7391261,-116.3955906
BAJA CALIFORNIA,ARBOLITOS,Los Dos Arbolitos,020060551,02006,30.7555947,-115.9576692
BAJA CALIFORNIA,ARBOLITOS,Los Arbolitos,020014008,02001,31.0530278,-116.2090350
BAJA CALIFORNIA,ISLA%20DE%20CEDROS,Isla de Cedros,020010124,02001,28.0955556,-115.1927778
BAJA CALIFORNIA,ARROYO%20ANCHO,Arroyo Ancho,020060018,02006,29.9116439,-115.7102781
BAJA CALIFORNIA,BUFADORA,La Bufadora,020010329,02001,31.7228867,-116.7138647
BAJA CALIFORNIA,CATARINA,Rincón de Santa Catarina,020011715,02001,31.6712064,-115.7822939
BAJA CALIFORNIA,CATARINA,Santa Catarina,020060820,02006,29.7224383,-115.1307133
BAJA CALIFORNIA,CATARINA,Puerto Catarina,020060666,02006,29.5241175,-115.2697603
BAJA CALIFORNIA,CATARINA,Comunidad Indígena de Santa Catarina,020010759,02001,31.6545083,-115.8277914
BAJA CALIFORNIA,ISLA%20DE%20CEDROS,Isla de Cedros,020010124,02001,28.0955556,-115.1927778
BAJA CALIFORNIA,COLORADITO,El Coloradito [Campo],020070077,02007,30.5796319,-114.6690381
BAJA CALIFORNIA,EL%20QUEMADO,El Aguaje del Quemado,020014404,02001,31.5252617,-116.6029644
BAJA CALIFORNIA,EL%20SAUZAL,El Sauzalito,020015952,02001,32.1481281,-115.8689589
BAJA CALIFORNIA,EL%20SAUZAL,El Sauzal de Rodríguez,020010247,02001,31.8962206,-116.6987031
BAJA CALIFORNIA,EL%20SAUZAL,El Sauzalito (La Nopalera),020010727,02001,31.9654097,-116.3111797
BAJA CALIFORNIA,EL%20SAUZAL,El Sauzal [Rancho],020015110,02001,31.9788889,-116.1477778
BAJA CALIFORNIA,EL%20SAUZAL,El Sauzalito,020024730,02002,32.6099350,-115.3502261
BAJA CALIFORNIA,EL%20SAUZAL,El Sauzalito,020011097,02001,31.4708594,-115.7713211
BAJA CALIFORNIA,EL%20SAUZAL,El Sauzalito,020060234,02006,30.9415803,-115.9456169
BAJA CALIFORNIA,EL%20TOMATAL,El Tomatal,020060242,02006,28.4866053,-114.0672303
BAJA CALIFORNIA,SAN%20FELIPE,San Felipe (Ejido Nacionalista),020014188,02001,31.7626597,-116.5975617
BAJA CALIFORNIA,SAN%20FELIPE,San Felipe [Agrícola],020014489,02001,30.9470681,-116.1729242
BAJA CALIFORNIA,SAN%20FELIPE,San Felipe,020060774,02006,29.8839550,-115.3756636
BAJA CALIFORNIA,SAN%20FELIPE,San Felipe [Rancho],020031816,02003,32.3041811,-116.5451936
BAJA CALIFORNIA,SAN%20FELIPE,San Felipe,020070001,02007,31.0229203,-114.8389014
BAJA CALIFORNIA,SAN%20FELIPE,C.I.D.A San Felipe,020070019,02007,31.0305578,-114.8667264
BAJA CALIFORNIA,SAN%20FELIPE,Colegio San Felipe de Jesús,020070050,02007,31.0510217,-114.8661217
BAJA CALIFORNIA,ESCONDIDO,El Escondido,020011368,02001,31.8981353,-116.5280306
BAJA CALIFORNIA,ESCONDIDO,El Escondido,020013151,02001,31.9367717,-116.6707136
BAJA CALIFORNIA,ESCONDIDO,Rancho Escondido,020013940,02001,31.9175864,-116.4133192
BAJA CALIFORNIA,ESCONDIDO,Río Escondido,020014670,02001,31.9223086,-116.4747544
BAJA CALIFORNIA,ESCONDIDO,El Escondido (El Chicharrón),020014839,02001,32.2413889,-116.4786111
BAJA CALIFORNIA,ESCONDIDO,Campo Escondido,020021092,02002,32.0547608,-115.2070533
BAJA CALIFORNIA,ESCONDIDO,Escondido [Rancho],020021792,02002,32.6091378,-115.2405283
BAJA CALIFORNIA,ESCONDIDO,Rancho Escondido,020030681,02003,32.4632939,-116.0714342
BAJA CALIFORNIA,ESCONDIDO,Rancho Escondido,020030052,02003,32.4372253,-116.0299494
BAJA CALIFORNIA,ESCONDIDO,El Escondido,020030053,02003,32.5113625,-116.6697669
BAJA CALIFORNIA,ESCONDIDO,Rancho Escondido,020031827,02003,32.5482183,-116.7394283
BAJA CALIFORNIA,ESCONDIDO,Rancho Escondido,020030150,02003,32.5271917,-116.3258456
BAJA CALIFORNIA,ESCONDIDO,Familia Chávez Corona (Rancho Escondido),020041608,02004,32.4437556,-116.9519725
BAJA CALIFORNIA,ESCONDIDO,Rancho Escondido,020041046,02004,32.5300125,-116.7644506
BAJA CALIFORNIA,ESCONDIDO,El Escondido (Los Appel),020041419,02004,32.4200000,-116.6936111
BAJA CALIFORNIA,ESCONDIDO,El Escondido,020050113,02005,32.3566244,-116.9527819
BAJA CALIFORNIA,ESCONDIDO,El Escondido,020042106,02004,32.4259878,-116.9258661
BAJA CALIFORNIA,ESCONDIDO,Rancho Escondido,020060710,02006,30.5813675,-115.9284686
BAJA CALIFORNIA,ESCONDIDO,Rancho Escondido,020060711,02006,28.3473433,-112.9910242
BAJA CALIFORNIA,ESCONDIDO,Rancho Escondido,020030823,02003,32.4176422,-116.2466719
BAJA CALIFORNIA,ESCONDIDO,Rancho Escondido,020030926,02003,32.5686694,-116.4265728
BAJA CALIFORNIA,ESCONDIDO,Puerto Escondido,020013174,02001,31.7210947,-116.6941906
BAJA CALIFORNIA,ESCONDIDO,Escondido [Rancho],020015497,02001,31.7440092,-116.5477664
BAJA CALIFORNIA,ESCONDIDO,Aguaje Escondido,020010374,02001,32.0546775,-116.5899131
BAJA CALIFORNIA,LA%20CALAVERA,La Calavera,020013292,02001,31.3908944,-116.1602783
BAJA CALIFORNIA,LA%20CALAVERA,La Calavera,020011231,02001,31.3617619,-116.4730672
BAJA CALIFORNIA,LA%20CALAVERA,La Calavera,020070123,02007,30.6951497,-115.1184311
BAJA CALIFORNIA,ISLA%20DE%20CEDROS,Isla de Cedros,020010124,02001,28.0955556,-115.1927778
BAJA CALIFORNIA,LA%20LOBERA,Puerto la Lobera,020060675,02006,29.4351183,-115.1801131
BAJA CALIFORNIA,LA%20LOBERA,La Lobera,020060473,02006,30.1105819,-115.7889314
BAJA CALIFORNIA,LA%20PALMITA,La Palmita,020031244,02003,32.4398558,-116.6164847
BAJA CALIFORNIA,LA%20PALMITA,La Palmita,020024676,02002,31.7077778,-115.5975000
BAJA CALIFORNIA,LA%20PALMITA,La Palmita,020031711,02003,32.3310386,-116.6003075
BAJA CALIFORNIA,LA%20PALMITA,La Palmita,020041161,02004,32.5394442,-116.7572086
BAJA CALIFORNIA,LA%20PALMITA,La Palmita,020060477,02006,28.3413150,-113.7103394
BAJA CALIFORNIA,LA%20PALMITA,La Palmita,020060478,02006,30.0124842,-115.2531828
BAJA CALIFORNIA,LA%20PALMITA,La Palmita,020060479,02006,30.9687469,-116.0792800
BAJA CALIFORNIA,LAGUNA%20SALADA,Ejido Laguna Salada,020021298,02002,32.1784800,-115.6610692
BAJA CALIFORNIA,MANEADERO,Rodolfo Sánchez Taboada (Maneadero),020010139,02001,31.7235508,-116.5714906
BAJA CALIFORNIA,MUELLE,Muelle Viejo,020060609,02006,30.4762264,-115.9588483
BAJA CALIFORNIA,SAN%20FELIPE,San Felipe [Agrícola],020014489,02001,30.9470681,-116.1729242
BAJA CALIFORNIA,SAN%20FELIPE,San Felipe (Ejido Nacionalista),020014188,02001,31.7626597,-116.5975617
BAJA CALIFORNIA,SAN%20FELIPE,San Felipe [Rancho],020031816,02003,32.3041811,-116.5451936
BAJA CALIFORNIA,SAN%20FELIPE,San Felipe,020060774,02006,29.8839550,-115.3756636
BAJA CALIFORNIA,SAN%20FELIPE,San Felipe,020070001,02007,31.0229203,-114.8389014
BAJA CALIFORNIA,SAN%20FELIPE,C.I.D.A San Felipe,020070019,02007,31.0305578,-114.8667264
BAJA CALIFORNIA,SAN%20FELIPE,Colegio San Felipe de Jesús,020070050,02007,31.0510217,-114.8661217
BAJA CALIFORNIA,ARBOLITOS,Arbolitos [Puerto],020011168,02001,31.7033242,-116.6845397
BAJA CALIFORNIA,ARBOLITOS,Los Arbolitos,020050141,02005,32.3898281,-117.0813897
BAJA CALIFORNIA,ARBOLITOS,Arbolitos [Rancho],020010679,02001,31.7304061,-116.4015122
BAJA CALIFORNIA,ARBOLITOS,Santa Cecilia [Rancho los Arbolitos],020014662,02001,31.7270944,-116.4068664
BAJA CALIFORNIA,ARBOLITOS,Los Arbolitos (Pipila),020015905,02001,31.7391261,-116.3955906
BAJA CALIFORNIA,ARBOLITOS,Los Arbolitos,020021076,02002,32.4851572,-115.3603667
BAJA CALIFORNIA,ARBOLITOS,Los Arbolitos,020060541,02006,30.9602392,-116.0454464
BAJA CALIFORNIA,ARBOLITOS,Los Dos Arbolitos,020060551,02006,30.7555947,-115.9576692
BAJA CALIFORNIA,ARBOLITOS,Los Arbolitos,020014008,02001,31.0530278,-116.2090350
BAJA CALIFORNIA,CANOAS,Las Canoas,020014573,02001,31.7372044,-115.8239144
BAJA CALIFORNIA,CANOAS,Las Canoas,020015113,02001,31.9344500,-116.1898389
BAJA CALIFORNIA,CANOAS,Puerto Canoas,020060665,02006,29.4209106,-115.1200658
BAJA CALIFORNIA,CUCHILLO,Punta Cuchillo,020060681,02006,29.2423025,-114.8327953
BAJA CALIFORNIA,ENSENADA,Ensenada,020010001,02001,31.8089439,-116.5951339
BAJA CALIFORNIA,ENSENADA,Rancho Verde (Cañon Ensenada),020015299,02001,31.9169528,-116.5845306
BAJA CALIFORNIA,ENSENADA,Ejido Ensenada,020012693,02001,32.0449472,-116.8661489
BAJA CALIFORNIA,ENSENADA,Colinas de Ensenada,020014737,02001,31.9099339,-116.5286767
BAJA CALIFORNIA,ENSENADA,Ensenada,020010001,02001,31.8089439,-116.5951339
BAJA CALIFORNIA,ENSENADA,Ejido Ensenada,020012693,02001,32.0449472,-116.8661489
BAJA CALIFORNIA,ENSENADA,Rancho Verde (Cañon Ensenada),020015299,02001,31.9169528,-116.5845306
BAJA CALIFORNIA,ENSENADA,Colinas de Ensenada,020014737,02001,31.9099339,-116.5286767
BAJA CALIFORNIA,LIBERTAD,Casa Libertad [Centro de Rehabilitación],020031802,02003,32.5216253,-116.5116869
BAJA CALIFORNIA,LIBERTAD,Rancho Libertad (El Encinal),020030712,02003,32.5088881,-116.4232367
BAJA CALIFORNIA,LIBERTAD,Democracia y Libertad del Porvenir [Colonia],020015284,02001,32.0776194,-116.6466417
BAJA CALIFORNIA,PUERTO%20SALINA,Puerto Salina,020012157,02001,32.0600908,-116.8783869
BAJA CALIFORNIA,SAN%20JOSE,San Jose [Rancho],020025017,02002,32.5518778,-115.2886361
BAJA CALIFORNIA,SANTA%20CATARINA,Rincón de Santa Catarina,020011715,02001,31.6712064,-115.7822939
BAJA CALIFORNIA,SANTA%20CATARINA,Santa Catarina,020060820,02006,29.7224383,-115.1307133
BAJA CALIFORNIA,SANTA%20CATARINA,Comunidad Indígena de Santa Catarina,020010759,02001,31.6545083,-115.8277914
BAJA CALIFORNIA,PUNTA%20AZUFRE,Punta Arena (Punta Azufre),020060676,02006,30.3931867,-115.9852422
BAJA CALIFORNIA,PUNTA%20CABRA,Punta Cabras,020010645,02001,31.3272406,-116.4398517
BAJA CALIFORNIA,PUNTA%20COLONET,Ejido Punta Colnett (Punta Colonet),020010186,02001,31.0703606,-116.2102992
BAJA CALIFORNIA,PUNTA%20CONO,Punta Cono [Campo],020060680,02006,28.9680244,-114.5864000
BAJA CALIFORNIA,PUNTA%20CONO,Punta Cono [Campo],020060680,02006,28.9680244,-114.5864000
BAJA CALIFORNIA,EL%20TOMATAL,El Tomatal,020060242,02006,28.4866053,-114.0672303
BAJA CALIFORNIA,PUNTA%20FINAL,Punta Final (Villa Mar y Sol),020070225,02007,29.7403522,-114.3090344
BAJA CALIFORNIA,ISLA%20DE%20CEDROS,Isla de Cedros,020010124,02001,28.0955556,-115.1927778
BAJA CALIFORNIA,PUNTA%20SAN%20JACINTO,Punta San Jacinto [Campo Turístico],020060685,02006,30.8619444,-116.1650000
BAJA CALIFORNIA,PUNTA%20BANDA,Rincón Punta Banda [Rincón de Ballenas],020012224,02001,31.7183225,-116.6715094
BAJA CALIFORNIA,PUNTA%20BANDA,Rincón Punta Banda [Rincón de Ballenas],020012224,02001,31.7183225,-116.6715094
BAJA CALIFORNIA,RIO%20COLORADO,Familia Vargas (Reacomodo Rio Colorado),020025211,02002,32.5944494,-115.5950881
BAJA CALIFORNIA,ROSARITO,Rosarito [Rancho],020050060,02005,32.3311647,-117.0097214
BAJA CALIFORNIA,ROSARITO,Playas de Rosarito,020050001,02005,32.3636842,-117.0544589
BAJA CALIFORNIA,ROSARITO,El Rosarito (Treinta Cero Seis) [Campo de Tiro],020050168,02005,32.2878956,-117.0020142
BAJA CALIFORNIA,ROSARITO,El Rosarito,020060226,02006,30.4929986,-115.3689633
BAJA CALIFORNIA,ROSARITO,Ejido Nuevo Rosarito,020060120,02006,28.6343031,-114.0164097
BAJA CALIFORNIA,SAN%20LUIS%20GONZAGA,Isla San Luis Gonzaga,020070117,02007,29.8196825,-114.3943417
BAJA CALIFORNIA,ENSENADA,Ensenada,020010001,02001,31.8089439,-116.5951339
BAJA CALIFORNIA,ENSENADA,Ejido Ensenada,020012693,02001,32.0449472,-116.8661489
BAJA CALIFORNIA,ENSENADA,Rancho Verde (Cañon Ensenada),020015299,02001,31.9169528,-116.5845306
BAJA CALIFORNIA,ENSENADA,Colinas de Ensenada,020014737,02001,31.9099339,-116.5286767
BAJA CALIFORNIA,SANTO%20DOMINGO,Santo Domingo,020010750,02001,31.6339706,-116.3782722
BAJA CALIFORNIA,SANTO%20DOMINGO,Santo Domingo,020040619,02004,32.3509383,-116.8268908
BAJA CALIFORNIA,SANTO%20DOMINGO,Santo Domingo (Tamayo),020041500,02004,32.3282294,-116.8312475
BAJA CALIFORNIA,SANTO%20DOMINGO,Misión Santo Domingo,020060604,02006,30.7708644,-115.9362847
BAJA CALIFORNIA,SANTO%20DOMINGO,Santo Domingo,020060839,02006,30.7788922,-116.0108544
BAJA CALIFORNIA,VALLE%20TRANQUILO,Ejido Valle Tranquilo,020060126,02006,30.2893031,-115.8039897
BAJA CALIFORNIA,COLORADITO,El Coloradito [Campo],020070077,02007,30.5796319,-114.6690381
BAJA CALIFORNIA SUR,LA%20PAZ,La Paz,030030001,03003,24.1487450,-110.3065900
BAJA CALIFORNIA SUR,LA%20PAZ,San Patricio de La Paz,030031944,03003,24.1042772,-110.3249678
BAJA CALIFORNIA SUR,LA%20PAZ,Granjas Familiares la Paz,030032819,03003,23.7365719,-110.2341736
BAJA CALIFORNIA SUR,LORETO,Loreto,030090001,03009,26.0127778,-111.3433333
BAJA CALIFORNIA SUR,LORETO,Ejido Loreto al Sur,030090322,03009,25.9890664,-111.3734758
BAJA CALIFORNIA SUR,PUNTA%20ABREOJOS,Punta Abreojos,030020116,03002,26.7105031,-113.5749269
BAJA CALIFORNIA SUR,BOCA%20DEL%20TULE,Boca del Tule (Villas del Faro),030080376,03008,23.2452267,-109.4377683
BAJA CALIFORNIA SUR,CHESTER,El Chester,030020998,03002,27.8588703,-115.0531914
BAJA CALIFORNIA SUR,OJO%20DE%20LIEBRE,Ojo de Liebre [Restaurante],030021811,03002,27.9934656,-114.0116858
BAJA CALIFORNIA SUR,ENMEDIO,El Palmar de Enmedio,030030641,03003,23.6527450,-110.2898797
BAJA CALIFORNIA SUR,ENMEDIO,La Cañada de Enmedio,030080475,03008,23.3387544,-109.6605528
BAJA CALIFORNIA SUR,ENMEDIO,La Casa de Enmedio,030020847,03002,26.9029914,-112.4835192
BAJA CALIFORNIA SUR,ENMEDIO,El Agua de Enmedio,030030340,03003,23.6905625,-110.0862072
BAJA CALIFORNIA SUR,ENMEDIO,Agua de Enmedio,030030024,03003,24.4267958,-111.0963292
BAJA CALIFORNIA SUR,PUNTA%20EUGENIA,Punta Eugenia,030020119,03002,27.8473508,-115.0783744
BAJA CALIFORNIA SUR,SAN%20CARLOS,San Carlos,030090234,03009,25.3279319,-110.9695425
BAJA CALIFORNIA SUR,SAN%20CARLOS,San Carlos Lote 511-4,030011332,03001,24.9022361,-111.6884394
BAJA CALIFORNIA SUR,SAN%20CARLOS,Puerto San Carlos,030010280,03001,24.7897456,-112.1080619
BAJA CALIFORNIA SUR,SAN%20CARLOS,San Carlos Lote 507-1,030011963,03001,24.8982786,-111.6346714
BAJA CALIFORNIA SUR,SAN%20CARLOS,Boca de San Carlos,030010432,03001,25.2987958,-111.1398997
BAJA CALIFORNIA SUR,SAN%20CARLOS,San Carlos Lote 605-3,030011964,03001,24.9063892,-111.6237439
BAJA CALIFORNIA SUR,SAN%20CARLOS,San Carlos Lote 507-4,030011965,03001,24.8898167,-111.6354636
BAJA CALIFORNIA SUR,SAN%20CARLOS,San Carlos Lote 511-1,030011984,03001,24.9010439,-111.6741181
BAJA CALIFORNIA SUR,SAN%20CARLOS,San Carlos,030031586,03003,24.0882019,-110.3498603
BAJA CALIFORNIA SUR,SAN%20CARLOS,San Carlos Viejo,030020473,03002,27.6868756,-112.7714686
BAJA CALIFORNIA SUR,SAN%20CARLOS,San Carlos,030031362,03003,23.6729897,-110.2061689
BAJA CALIFORNIA SUR,SAN%20CARLOS,San Carlos,030080445,03008,23.1309769,-109.8574125
BAJA CALIFORNIA SUR,SAN%20CARLOS,San Carlos Tercero,030032218,03003,23.3685189,-110.1493717
BAJA CALIFORNIA SUR,SAN%20CARLOS,San Carlos,030032220,03003,23.3630386,-110.1549119
BAJA CALIFORNIA SUR,CARRIZALITO,El Carrizalito,030012767,03001,25.3885469,-111.1875328
BAJA CALIFORNIA SUR,CARRIZALITO,El Carrizalito,030080072,03008,23.0525958,-110.0131489
BAJA CALIFORNIA SUR,CARRIZALITO,El Carrizalito,030090149,03009,25.6177483,-111.3773642
BAJA CALIFORNIA SUR,CARRIZALITO,El Carrizalito,030031428,03003,24.6091769,-111.4484103
BAJA CALIFORNIA SUR,CARRIZALITO,El Carrizalito,030021364,03002,27.1483022,-112.5914333
BAJA CALIFORNIA SUR,CARRIZALITO,El Carrizalito,030090217,03009,25.5981800,-111.1818711
BAJA CALIFORNIA SUR,CENTENARIO,El Centenario,030030092,03003,24.1024486,-110.4131275
BAJA CALIFORNIA SUR,CENTENARIO,Ex-Hacienda el Centenario,030032138,03003,24.0660800,-110.3718372
BAJA CALIFORNIA SUR,CENTENARIO,El Centenario [Granja],030032932,03003,24.0650183,-110.4037253
BAJA CALIFORNIA SUR,EL%20BARRIL,El Barrilito,030081001,03008,23.1102169,-109.8486447
BAJA CALIFORNIA SUR,SAN%20IGNACIO,San Ignacio,030030783,03003,24.6358811,-110.9533919
BAJA CALIFORNIA SUR,SAN%20IGNACIO,San Ignacio,030030784,03003,23.9961244,-110.0045547
BAJA CALIFORNIA SUR,SAN%20IGNACIO,San Ignacio,030011317,03001,25.5888661,-111.6424064
BAJA CALIFORNIA SUR,SAN%20IGNACIO,San Ignacio,030031711,03003,24.7244206,-111.3059772
BAJA CALIFORNIA SUR,SAN%20IGNACIO,San Ignacio,030010674,03001,25.3482086,-111.1654867
BAJA CALIFORNIA SUR,SAN%20IGNACIO,San Ignacio,030080447,03008,23.2919064,-109.8214356
BAJA CALIFORNIA SUR,SAN%20IGNACIO,San Ignacio de las Playitas,030032403,03003,23.5396886,-110.2984083
BAJA CALIFORNIA SUR,SAN%20IGNACIO,San Ignacio,030090366,03009,25.4926267,-111.3833644
BAJA CALIFORNIA SUR,SAN%20IGNACIO,San Ignacio Uno,030012895,03001,25.4782083,-111.3917881
BAJA CALIFORNIA SUR,SAN%20IGNACIO,San Ignacio,030020149,03002,27.2815356,-112.8936922
BAJA CALIFORNIA SUR,SAN%20IGNACIO,San Ignacio Dos,030012940,03001,25.3476364,-111.1703975
BAJA CALIFORNIA SUR,SAN%20IGNACIO,San Ignacio,030030783,03003,24.6358811,-110.9533919
BAJA CALIFORNIA SUR,SAN%20IGNACIO,San Ignacio,030030784,03003,23.9961244,-110.0045547
BAJA CALIFORNIA SUR,SAN%20IGNACIO,San Ignacio,030011317,03001,25.5888661,-111.6424064
BAJA CALIFORNIA SUR,SAN%20IGNACIO,San Ignacio Uno,030012895,03001,25.4782083,-111.3917881
BAJA CALIFORNIA SUR,SAN%20IGNACIO,San Ignacio,030010674,03001,25.3482086,-111.1654867
BAJA CALIFORNIA SUR,SAN%20IGNACIO,San Ignacio,030031711,03003,24.7244206,-111.3059772
BAJA CALIFORNIA SUR,SAN%20IGNACIO,San Ignacio de las Playitas,030032403,03003,23.5396886,-110.2984083
BAJA CALIFORNIA SUR,SAN%20IGNACIO,San Ignacio,030090366,03009,25.4926267,-111.3833644
BAJA CALIFORNIA SUR,SAN%20IGNACIO,San Ignacio,030080447,03008,23.2919064,-109.8214356
BAJA CALIFORNIA SUR,SAN%20IGNACIO,San Ignacio,030020149,03002,27.2815356,-112.8936922
BAJA CALIFORNIA SUR,SAN%20IGNACIO,San Ignacio Dos,030012940,03001,25.3476364,-111.1703975
BAJA CALIFORNIA SUR,EL%20FARO,Boca del Tule (Villas del Faro),030080376,03008,23.2452267,-109.4377683
BAJA CALIFORNIA SUR,EL%20JUNCALITO,El Juncalito,030011066,03001,24.9563478,-111.3239458
BAJA CALIFORNIA SUR,EL%20PALMAR,El Palmarito,030030643,03003,23.8573203,-110.1422681
BAJA CALIFORNIA SUR,EL%20PALMAR,El Palmar de Abajo,030030640,03003,23.6447244,-110.3040597
BAJA CALIFORNIA SUR,EL%20PALMAR,El Palmar de Enmedio,030030641,03003,23.6527450,-110.2898797
BAJA CALIFORNIA SUR,EL%20PALMAR,El Palmarito,030030642,03003,24.1200303,-110.2056739
BAJA CALIFORNIA SUR,EL%20PALMAR,El Palmar del Balvino,030031117,03003,23.2717356,-110.1374447
BAJA CALIFORNIA SUR,EL%20PALMAR,El Palmarcito,030090304,03009,25.7287797,-111.4181694
BAJA CALIFORNIA SUR,EL%20PALMAR,El Palmarito II,030033088,03003,23.8622614,-110.1419086
BAJA CALIFORNIA SUR,EL%20PALMAR,El Palmarito,030031522,03003,23.1733858,-110.0631836
BAJA CALIFORNIA SUR,EL%20PALMAR,El Palmarito,030031523,03003,23.6634000,-110.2857514
BAJA CALIFORNIA SUR,EL%20PALMAR,El Palmar de la Matanza,030032616,03003,23.6462936,-110.2684231
BAJA CALIFORNIA SUR,EL%20PALMAR,El Palmar,030033321,03003,23.6851878,-109.7255319
BAJA CALIFORNIA SUR,EL%20QUEEN,El Queen,030020352,03002,27.7763869,-114.6399264
BAJA CALIFORNIA SUR,EL%20SALADITO,El Saladito,030030961,03003,24.4423219,-110.6879964
BAJA CALIFORNIA SUR,EL%20SAUZOSO,Boca del Sauzoso,030030060,03003,24.3112803,-110.6419081
BAJA CALIFORNIA SUR,EL%20TECOLOTE,El Tecolote,030020912,03002,26.8883100,-112.0575128
BAJA CALIFORNIA SUR,EL%20TECOLOTE,Playa el Tecolote,030032683,03003,24.3364733,-110.3152011
BAJA CALIFORNIA SUR,LA%20PAZ,La Paz,030030001,03003,24.1487450,-110.3065900
BAJA CALIFORNIA SUR,LA%20PAZ,San Patricio de La Paz,030031944,03003,24.1042772,-110.3249678
BAJA CALIFORNIA SUR,LA%20PAZ,Granjas Familiares la Paz,030032819,03003,23.7365719,-110.2341736
BAJA CALIFORNIA SUR,ENSENADA%20DE%20MUERTOS,Ensenada de Muertos,030030540,03003,23.9947150,-109.8196647
BAJA CALIFORNIA SUR,EL%20PULGUERO,El Pulguero,030032338,03003,24.3506717,-110.2756719
BAJA CALIFORNIA SUR,LAS%20TIJERAS,Las Tijeras,030030896,03003,23.8974042,-110.2053508
BAJA CALIFORNIA SUR,SANTO%20DOMINGO,Ejido Santo Domingo Grupo 11,030012031,03001,25.4928847,-111.8117519
BAJA CALIFORNIA SUR,SANTO%20DOMINGO,Ejido Santo Domingo Grupo 12,030012032,03001,25.4998994,-111.8072967
BAJA CALIFORNIA SUR,SANTO%20DOMINGO,Santo Domingo,030010335,03001,25.4892900,-111.9183667
BAJA CALIFORNIA SUR,SANTO%20DOMINGO,Ejido Santo Domingo Grupo 2,030011025,03001,25.5058025,-111.8199094
BAJA CALIFORNIA SUR,SANTO%20DOMINGO,Ejido Santo Domingo Grupo 9,030011026,03001,25.5107867,-111.8244919
BAJA CALIFORNIA SUR,SANTO%20DOMINGO,Ejido Santo Domingo Grupo 8,030011027,03001,25.5032747,-111.8304981
BAJA CALIFORNIA SUR,SANTO%20DOMINGO,Ejido Santo Domingo Grupo 25,030011028,03001,25.5222497,-111.8200644
BAJA CALIFORNIA SUR,SANTO%20DOMINGO,Ejido Santo Domingo Grupo 31,030012381,03001,25.5188989,-111.8381225
BAJA CALIFORNIA SUR,SANTO%20DOMINGO,Ejido Santo Domingo Grupo 23,030012382,03001,25.5075483,-111.8100403
BAJA CALIFORNIA SUR,SANTO%20DOMINGO,Ejido Santo Domingo Grupo 4,030012389,03001,25.4600650,-111.9110228
BAJA CALIFORNIA SUR,SANTO%20DOMINGO,Santo Domingo,030020878,03002,26.7071442,-112.4970833
BAJA CALIFORNIA SUR,SANTO%20DOMINGO,Santo Domingo de en Medio,030033235,03003,23.4296719,-110.0238167
BAJA CALIFORNIA SUR,SANTO%20DOMINGO,Santo Domingo Dos,030033240,03003,23.4295275,-110.0453447
BAJA CALIFORNIA SUR,SANTO%20DOMINGO,Santo Domingo,030081028,03008,23.2344139,-109.5866028
BAJA CALIFORNIA SUR,SANTO%20DOMINGO,Santo Domingo,030090181,03009,25.7408972,-111.5324853
BAJA CALIFORNIA SUR,SANTO%20DOMINGO,Ejido Santo Domingo Grupo 5,030012390,03001,25.4553389,-111.9181917
BAJA CALIFORNIA SUR,SANTO%20DOMINGO,Santo Domingo de la Sierra,030030857,03003,23.6307925,-109.8336350
BAJA CALIFORNIA SUR,SANTO%20DOMINGO,Santo Domingo,030030858,03003,23.4356219,-110.0208156
BAJA CALIFORNIA SUR,LA%20POZA,La Poza del Bule,030010614,03001,25.0538219,-111.1237853
BAJA CALIFORNIA SUR,LA%20POZA,La Poza del Gato,030010615,03001,25.0737058,-111.1180764
BAJA CALIFORNIA SUR,LA%20POZA,La Poza del León,030010616,03001,25.3629850,-111.1733928
BAJA CALIFORNIA SUR,LA%20POZA,La Poza Larga,030010621,03001,25.0606917,-111.1436028
BAJA CALIFORNIA SUR,LA%20POZA,La Poza Muerta,030010622,03001,25.3279228,-111.3093500
BAJA CALIFORNIA SUR,LA%20POZA,La Poza,030012153,03001,26.4708792,-112.1673619
BAJA CALIFORNIA SUR,LA%20POZA,La Poza del Ciruelo,030011223,03001,25.0501494,-111.0953414
BAJA CALIFORNIA SUR,LA%20POZA,La Poza de Silverio,030012897,03001,26.1131272,-112.0655386
BAJA CALIFORNIA SUR,LA%20POZA,La Poza Verde,030031893,03003,24.9019556,-111.0270344
BAJA CALIFORNIA SUR,LA%20POZA,La Poza Verde,030080427,03008,23.0845647,-109.9853942
BAJA CALIFORNIA SUR,LA%20POZA,La Poza de González,030090169,03009,25.7575128,-111.5478100
BAJA CALIFORNIA SUR,LA%20POZA,La Poza de Teresa,030090170,03009,25.7023228,-111.5338614
BAJA CALIFORNIA SUR,LA%20POZA,La Poza Seca,030090171,03009,25.5625117,-111.3997681
BAJA CALIFORNIA SUR,LA%20POZA,La Poza Verde,030090172,03009,25.6260756,-111.3558531
BAJA CALIFORNIA SUR,LA%20POZA,La Poza Grande,030010224,03001,25.7683817,-112.0266853
BAJA CALIFORNIA SUR,LA%20POZA,La Poza de Venancio,030030974,03003,24.3267253,-111.2167900
BAJA CALIFORNIA SUR,LA%20POZA,La Poza Verde,030081522,03008,23.2028278,-109.9217528
BAJA CALIFORNIA SUR,LA%20RAMADITA,La Ramadita,030010630,03001,25.1040000,-111.0733211
BAJA CALIFORNIA SUR,LA%20RAMADITA,La Ramadita,030080432,03008,22.9992119,-109.9117272
BAJA CALIFORNIA SUR,LA%20RAMADITA,La Ramadita,030020768,03002,26.5842553,-111.5697367
BAJA CALIFORNIA SUR,OJO%20DE%20LIEBRE,Ojo de Liebre [Restaurante],030021811,03002,27.9934656,-114.0116858
BAJA CALIFORNIA SUR,SAN%20JORGE,Oasis San Jorge,030030495,03003,24.2909122,-110.2527617
BAJA CALIFORNIA SUR,SAN%20JORGE,San Jorge,030012810,03001,24.9578103,-111.3335458
BAJA CALIFORNIA SUR,SAN%20JORGE,San Jorge de la Mezcalera,030030563,03003,24.7904206,-111.1446914
BAJA CALIFORNIA SUR,SAN%20JORGE,San Jorge del Rinconcito,030032503,03003,23.8523989,-109.8949303
BAJA CALIFORNIA SUR,SAN%20JORGE,San Jorge,030080246,03008,23.4732444,-109.7908606
BAJA CALIFORNIA SUR,SAN%20JORGE,San Jorge,030081596,03008,23.5762747,-109.6177767
BAJA CALIFORNIA SUR,LOS%20HORNITOS,Los Hornitos,030020652,03002,26.8746422,-111.8516064
BAJA CALIFORNIA SUR,LOS%20INOCENTES,San Rafael de los Inocentes,030030146,03003,23.7704750,-110.6716278
BAJA CALIFORNIA SUR,LOS%20INOCENTES,La Ballena de los Inocentes,030032644,03003,23.8121739,-110.6572350
BAJA CALIFORNIA SUR,LOS%20PRADOS,Los Prados,030012533,03001,25.3404194,-112.0749333
BAJA CALIFORNIA SUR,LOS%20TRONCONES,Los Troncones,030030912,03003,23.8358347,-110.1058561
BAJA CALIFORNIA SUR,LA%20PAZ,La Paz,030030001,03003,24.1487450,-110.3065900
BAJA CALIFORNIA SUR,LA%20PAZ,San Patricio de La Paz,030031944,03003,24.1042772,-110.3249678
BAJA CALIFORNIA SUR,LA%20PAZ,Granjas Familiares la Paz,030032819,03003,23.7365719,-110.2341736
BAJA CALIFORNIA SUR,LA%20PAZ,La Paz,030030001,03003,24.1487450,-110.3065900
BAJA CALIFORNIA SUR,LA%20PAZ,Granjas Familiares la Paz,030032819,03003,23.7365719,-110.2341736
BAJA CALIFORNIA SUR,LA%20PAZ,San Patricio de La Paz,030031944,03003,24.1042772,-110.3249678
BAJA CALIFORNIA SUR,SAN%20CARLOS,San Carlos,030090234,03009,25.3279319,-110.9695425
BAJA CALIFORNIA SUR,SAN%20CARLOS,San Carlos Lote 511-4,030011332,03001,24.9022361,-111.6884394
BAJA CALIFORNIA SUR,SAN%20CARLOS,Puerto San Carlos,030010280,03001,24.7897456,-112.1080619
BAJA CALIFORNIA SUR,SAN%20CARLOS,San Carlos Tercero,030032218,03003,23.3685189,-110.1493717
BAJA CALIFORNIA SUR,SAN%20CARLOS,San Carlos Lote 507-1,030011963,03001,24.8982786,-111.6346714
BAJA CALIFORNIA SUR,SAN%20CARLOS,San Carlos Lote 605-3,030011964,03001,24.9063892,-111.6237439
BAJA CALIFORNIA SUR,SAN%20CARLOS,San Carlos Lote 507-4,030011965,03001,24.8898167,-111.6354636
BAJA CALIFORNIA SUR,SAN%20CARLOS,San Carlos Lote 511-1,030011984,03001,24.9010439,-111.6741181
BAJA CALIFORNIA SUR,SAN%20CARLOS,San Carlos,030031586,03003,24.0882019,-110.3498603
BAJA CALIFORNIA SUR,SAN%20CARLOS,Boca de San Carlos,030010432,03001,25.2987958,-111.1398997
BAJA CALIFORNIA SUR,SAN%20CARLOS,San Carlos Viejo,030020473,03002,27.6868756,-112.7714686
BAJA CALIFORNIA SUR,SAN%20CARLOS,San Carlos,030031362,03003,23.6729897,-110.2061689
BAJA CALIFORNIA SUR,SAN%20CARLOS,San Carlos,030032220,03003,23.3630386,-110.1549119
BAJA CALIFORNIA SUR,SAN%20CARLOS,San Carlos,030080445,03008,23.1309769,-109.8574125
BAJA CALIFORNIA SUR,PAILABOTE,El Pailabote,030011162,03001,25.5474539,-112.0663636
BAJA CALIFORNIA SUR,PICHILINGUE,Unidad Pichilingue de la UABCS,030032342,03003,24.2700889,-110.3222042
BAJA CALIFORNIA SUR,PICHILINGUE,Puerto de Pichilingue,030031534,03003,24.2763889,-110.3280556
BAJA CALIFORNIA SUR,PORVENIR,El Porvenir,030032724,03003,23.9772478,-109.9795914
BAJA CALIFORNIA SUR,PORVENIR,El Porvenir,030012898,03001,26.2692803,-112.4782431
BAJA CALIFORNIA SUR,PORVENIR,El Porvenir,030010217,03001,25.3349469,-111.1815850
BAJA CALIFORNIA SUR,PORVENIR,El Porvenir,030020109,03002,27.4180808,-113.2576097
BAJA CALIFORNIA SUR,PORVENIR,El Porvenir,030032904,03003,23.8368319,-110.0517264
BAJA CALIFORNIA SUR,PORVENIR,El Porvenir,030012932,03001,26.5344236,-112.0897425
BAJA CALIFORNIA SUR,PUERTO%20ESCONDIDO,Puerto Escondido,030020763,03002,27.5346656,-114.7416953
BAJA CALIFORNIA SUR,PUERTO%20ESCONDIDO,Puerto Escondido,030090176,03009,25.8117294,-111.3088692
BAJA CALIFORNIA SUR,LORETO,Loreto,030090001,03009,26.0127778,-111.3433333
BAJA CALIFORNIA SUR,LORETO,Ejido Loreto al Sur,030090322,03009,25.9890664,-111.3734758
BAJA CALIFORNIA SUR,GUERRERO%20NEGRO,Guerrero Negro,030020066,03002,27.9718331,-114.0530211
BAJA CALIFORNIA SUR,SANTA%20ROSA,Santa Rosa,030011359,03001,25.6973656,-112.0734411
BAJA CALIFORNIA SUR,SANTA%20ROSA,Santa Rosa,030032147,03003,23.9787203,-110.0056739
BAJA CALIFORNIA SUR,SANTA%20ROSA,Santa Rosa,030090075,03009,26.2997522,-111.5569439
BAJA CALIFORNIA SUR,SANTA%20ROSA,Santa Rosa,030010331,03001,25.3924672,-111.1949683
BAJA CALIFORNIA SUR,SANTA%20ROSA,Santa Rosalía,030020001,03002,27.3368683,-112.2682747
BAJA CALIFORNIA SUR,SANTA%20ROSA,Santa Rosa,030020873,03002,27.1122789,-112.4860956
BAJA CALIFORNIA SUR,SANTA%20ROSA,El Taste de Santa Rosa,030081444,03008,23.0895911,-109.7363381
BAJA CALIFORNIA SUR,SANTA%20ROSA,Santa Rosa de los Pinos,030032222,03003,23.3662403,-110.1554500
BAJA CALIFORNIA SUR,SANTA%20ROSA,Santa Rosa,030081326,03008,22.9930947,-109.9403339
BAJA CALIFORNIA SUR,SANTA%20ROSA,Santa Rosa,030090210,03009,25.8381336,-111.4763239
BAJA CALIFORNIA SUR,SANTA%20ROSA,Santa Rosa,030030853,03003,24.5609464,-111.4469289
BAJA CALIFORNIA SUR,SANTA%20ROSA,Santa Rosa,030030854,03003,23.7900642,-110.6441058
BAJA CALIFORNIA SUR,PUNTA%20ARENA,Punta Arenas,030011478,03001,24.5841100,-112.0751414
BAJA CALIFORNIA SUR,PUNTA%20ARENA,Playa Punta Arena,030020764,03002,26.7764394,-111.8749014
BAJA CALIFORNIA SUR,PUNTA%20ARENA,Salinas Punta Arena,030031923,03003,24.0560603,-109.8362681
BAJA CALIFORNIA SUR,PUNTA%20ARENA,Punta Arena,030080695,03008,23.5535392,-109.4696692
BAJA CALIFORNIA SUR,PUNTA%20LOBOS,Punta Lobos,030031104,03003,23.4199225,-110.2299881
BAJA CALIFORNIA SUR,LORETO,Loreto,030090001,03009,26.0127778,-111.3433333
BAJA CALIFORNIA SUR,LORETO,Ejido Loreto al Sur,030090322,03009,25.9890664,-111.3734758
BAJA CALIFORNIA SUR,PUNTA%20QUEBRADA,Punta Quebrada,030020350,03002,27.7270686,-114.9950819
BAJA CALIFORNIA SUR,SAN%20CARLOS,San Carlos,030090234,03009,25.3279319,-110.9695425
BAJA CALIFORNIA SUR,SAN%20CARLOS,San Carlos Lote 511-4,030011332,03001,24.9022361,-111.6884394
BAJA CALIFORNIA SUR,SAN%20CARLOS,Puerto San Carlos,030010280,03001,24.7897456,-112.1080619
BAJA CALIFORNIA SUR,SAN%20CARLOS,San Carlos,030031362,03003,23.6729897,-110.2061689
BAJA CALIFORNIA SUR,SAN%20CARLOS,Boca de San Carlos,030010432,03001,25.2987958,-111.1398997
BAJA CALIFORNIA SUR,SAN%20CARLOS,San Carlos Viejo,030020473,03002,27.6868756,-112.7714686
BAJA CALIFORNIA SUR,SAN%20CARLOS,San Carlos Lote 507-1,030011963,03001,24.8982786,-111.6346714
BAJA CALIFORNIA SUR,SAN%20CARLOS,San Carlos Lote 605-3,030011964,03001,24.9063892,-111.6237439
BAJA CALIFORNIA SUR,SAN%20CARLOS,San Carlos Lote 507-4,030011965,03001,24.8898167,-111.6354636
BAJA CALIFORNIA SUR,SAN%20CARLOS,San Carlos Lote 511-1,030011984,03001,24.9010439,-111.6741181
BAJA CALIFORNIA SUR,SAN%20CARLOS,San Carlos,030031586,03003,24.0882019,-110.3498603
BAJA CALIFORNIA SUR,SAN%20CARLOS,San Carlos,030080445,03008,23.1309769,-109.8574125
BAJA CALIFORNIA SUR,SAN%20CARLOS,San Carlos Tercero,030032218,03003,23.3685189,-110.1493717
BAJA CALIFORNIA SUR,SAN%20CARLOS,San Carlos,030032220,03003,23.3630386,-110.1549119
BAJA CALIFORNIA SUR,SAN%20BUTO,San Buto [Campo Pesquero],030010662,03001,24.7842467,-112.0523042
BAJA CALIFORNIA SUR,SAN%20JUANICO,San Juanico,030012086,03001,26.2571997,-112.4786069
BAJA CALIFORNIA SUR,ISLA%20SAN%20MARCO,Isla San Marcos,030020077,03002,27.1891708,-112.0812222
BAJA CALIFORNIA SUR,SAN%20MATEO,San Mateo Uno,030010316,03001,25.4997483,-111.4407786
BAJA CALIFORNIA SUR,SAN%20RAFAEL,San Rafael,030012748,03001,25.4141489,-111.2369353
BAJA CALIFORNIA SUR,SAN%20RAFAEL,San Rafael,030021203,03002,27.1289214,-112.1031144
BAJA CALIFORNIA SUR,SAN%20RAFAEL,San Rafael,030032123,03003,23.9630558,-109.9461436
BAJA CALIFORNIA SUR,SAN%20RAFAEL,San Rafael Uno,030011345,03001,25.4070356,-111.5033494
BAJA CALIFORNIA SUR,SAN%20RAFAEL,San Rafael de los Encinitos,030030120,03003,24.0251411,-110.1112494
BAJA CALIFORNIA SUR,SAN%20RAFAEL,Rancho San Rafael,030033328,03003,23.9810722,-110.2862103
BAJA CALIFORNIA SUR,SAN%20RAFAEL,San Rafael del Pilar,030031949,03003,24.4654119,-110.9963975
BAJA CALIFORNIA SUR,SAN%20RAFAEL,San Rafael,030020850,03002,27.1392000,-114.1693281
BAJA CALIFORNIA SUR,SAN%20RAFAEL,San Rafael de los Inocentes,030030146,03003,23.7704750,-110.6716278
BAJA CALIFORNIA SUR,SAN%20RAFAEL,San Rafael,030031612,03003,23.2957083,-110.0802350
BAJA CALIFORNIA SUR,SAN%20RAFAEL,San Rafael,030033369,03003,23.8388544,-110.3165833
CAMPECHE,BAHAMITA,Bahamita Beach,040033771,04003,18.6919644,-91.7114394
CAMPECHE,BAHAMITA,Anexo Bahamita,040032611,04003,18.6973608,-91.7011722
CAMPECHE,BAHAMITA,Bahamita [Jaibera],040030055,04003,18.6989092,-91.6979103
CAMPECHE,CAMINO%20REAL,Camino Real,040111427,04011,18.2562453,-90.5384775
CAMPECHE,CAMPECHE,Grúas Campeche [Depósito de Vehículos],040020411,04002,19.7977292,-90.4785558
CAMPECHE,CAMPECHE,Campeche Playa Esmeralda Resort,040042119,04004,19.2227836,-90.8509858
CAMPECHE,CAMPECHE,Frigorífico de Campeche,040091056,04009,18.6149386,-90.7669133
CAMPECHE,CAMPECHE,Progreso Campeche,040110845,04011,18.2108767,-90.6907025
CAMPECHE,CAMPECHE,San Francisco de Campeche,040020001,04002,19.8448142,-90.5396492
CAMPECHE,CAMPECHE,Fundación Produce Campeche (FUPROCAM),040020651,04002,19.7507022,-90.1558992
CAMPECHE,CAMPECHE,Club Náutico y Deportivo de Campeche,040020329,04002,19.7780961,-90.6361697
CAMPECHE,CAMPECHE,Campeche [Corralón de Grúas],040020333,04002,19.9221944,-90.4033183
CAMPECHE,CAMPECHE,Cirrius Campeche [Aserradero],040041844,04004,18.9233372,-90.6922817
CAMPECHE,CAMPECHE,Carnes Campeche,040034488,04003,18.8314269,-91.0084503
CAMPECHE,CAMPECHE,Estrella de Campeche,040041612,04004,19.3970731,-90.3675992
CAMPECHE,CAMPECHE,Emulsiones Asfálticas de Campeche,040020395,04002,19.7998447,-90.4714881
CAMPECHE,CAMPECHE,Campeche Produce,040042235,04004,19.2970003,-90.7675119
CAMPECHE,CAMPECHE,Ninguno [Caseta de Cobro Campeche-Champotón],040120032,04012,19.6370150,-90.6715567
CAMPECHE,CAMPECHE,Murallas de Campeche,040032250,04003,18.3360928,-91.5834192
CAMPECHE,CAMPECHE,Campeche 2000,040120007,04012,19.6566439,-90.6873939
CAMPECHE,CAMPECHE,Nuevo Campeche (Tres Aguadas),040090865,04009,18.5041728,-90.5326892
CAMPECHE,CAMPECHE,Turismo Campeche [Gasolinera],040091828,04009,18.6122222,-90.7886111
CAMPECHE,CANDELARIA,Candelaria,040030783,04003,18.4008764,-91.3083831
CAMPECHE,CANDELARIA,La Candelaria,040032042,04003,18.6920367,-91.0269172
CAMPECHE,CANDELARIA,La Candelaria,040042443,04004,19.3266831,-90.6110431
CAMPECHE,CANDELARIA,La Virgencita de la Candelaria,040100266,04010,18.2408439,-89.3121281
CAMPECHE,CANDELARIA,Candelaria [Centro Ovino],040110740,04011,18.1931194,-91.0358153
CAMPECHE,CANDELARIA,La Candelaria,040070593,04007,18.0273528,-91.7934889
CAMPECHE,CANDELARIA,Candelaria,040110001,04011,18.1834506,-91.0462936
CAMPECHE,CANDELARIA,La Candelaria,040111602,04011,18.0015658,-90.6222636
CAMPECHE,CANDELARIA,Candelaria [Basurero Municipal],040111183,04011,18.1913839,-91.0169606
CAMPECHE,CANDELARIA,Candelaria Internacional [Gasolinera],040100363,04010,18.5067203,-89.3861136
CAMPECHE,CIUDAD%20DEL%20CARMEN,Ciudad del Carmen,040030001,04003,18.6377894,-91.8364500
CAMPECHE,CIUDAD%20DEL%20CARMEN,El Girasol de Ciudad del Carmen,040034418,04003,18.6500942,-92.4072194
CAMPECHE,COLONIA%20EMILIANO%20ZAPATA,Colonia Emiliano Zapata,040030262,04003,18.6648319,-92.3114464
CAMPECHE,EL%20PASO,El Paso del Tigre,040042065,04004,19.1104161,-90.8253878
CAMPECHE,EL%20PASO,El Paso,040034485,04003,18.8978194,-91.2970667
CAMPECHE,EL%20PASO,El Paso,040110762,04011,17.8582408,-90.7546039
CAMPECHE,EL%20PASO,El Paso 2,040034682,04003,18.8967056,-91.2997111
CAMPECHE,EL%20PASO,El Paso del Cuervo (El Cuervo),040110407,04011,18.1055014,-90.9774947
CAMPECHE,EL%20PASO,El Paso de la Frontera,040111271,04011,17.9281272,-90.3229631
CAMPECHE,VENUSTIANO%20CARRANZA,Venustiano Carranza,040033642,04003,18.1812258,-91.3500350
CAMPECHE,VENUSTIANO%20CARRANZA,Kilómetro Sesenta y Siete (Venustiano Carranza),040042247,04004,18.7572842,-90.7313078
CAMPECHE,VENUSTIANO%20CARRANZA,Venustiano Carranza,040110680,04011,18.1463189,-91.0281400
CAMPECHE,LA%20CORRIENTE,La Corriente Uno,040110872,04011,18.1139450,-91.1367686
CAMPECHE,LA%20CORRIENTE,La Corriente,040100105,04010,18.2438325,-89.1856758
CAMPECHE,LA%20CORRIENTE,Ribera de la Corriente,040070029,04007,18.2377281,-92.0372444
CAMPECHE,LERMA,Lerma,040020087,04002,19.8061817,-90.6007019
CAMPECHE,PALIZADA,Palizada,040070001,04007,18.2535983,-92.0909017
CAMPECHE,PALIZADA,Bella Palizada,040030733,04003,18.5800611,-91.2207675
CAMPECHE,PALIZADA,Nuevo Palizada,040032370,04003,18.1295642,-91.6285667
CAMPECHE,SEYBAPLAYA,Seybaplaya,040120001,04012,19.6391969,-90.6883011
CAMPECHE,CIUDAD%20DEL%20SOL,Ciudad del Sol,040040017,04004,19.4783467,-90.7027094
CAMPECHE,VERACRUZ,La Veracruzana,040034438,04003,18.6294039,-90.9826608
CAMPECHE,VERACRUZ,Nuevo Veracruz,040100167,04010,18.0558008,-89.1726122
CAMPECHE,VERACRUZ,Bella Unión Veracruz (Los Chinos),040100024,04010,18.0341078,-89.2902200
JALISCO,AJIJIC,Ajijic,140300002,14030,20.2994444,-103.2580556
JALISCO,CHAMELA,Ninguno [Fundación Ecológica Chamela-Cuixmala],140430209,14043,19.4178536,-104.9753647
JALISCO,CHAMELA,Chamela,140430033,14043,19.5267719,-105.0737939
JALISCO,CHAMELA,Chamela [Club],140430229,14043,19.5447222,-105.0794444
JALISCO,CHAMELA,Chamela [Country Club],140430238,14043,19.5718989,-105.0890069
JALISCO,CHAMELA,Playa Chamela,140430259,14043,19.5327603,-105.0810267
JALISCO,CHAMELA,Chamela [Subestación Eléctrica],140430269,14043,19.5703939,-105.0852094
JALISCO,CHIMO,Chimolta,140610696,14061,22.2330458,-103.7894836
JALISCO,CHIMO,Chimo,140200021,14020,20.4714569,-105.5919886
JALISCO,CHIMO,El Chimote,141160020,14116,21.6310439,-102.5006442
JALISCO,MELAQUE,San Patricio (Melaque),140220033,14022,19.2252778,-104.7011111
JALISCO,MELAQUE,Rancho del Güero Corona [Subestación Melaque],140220104,14022,19.2621361,-104.7122331
JALISCO,NAVIDAD,Barra de Navidad,140220006,14022,19.2080556,-104.6805556
JALISCO,NAVIDAD,La Navidad,140350413,14035,21.6254594,-102.2602594
JALISCO,NAVIDAD,La Joya de Navidad,140580353,14058,20.5586111,-104.6475000
JALISCO,NAVIDAD,Brisas de la Navidad (El Gallo Colorado),140220151,14022,19.2248133,-104.6560656
JALISCO,NAVIDAD,Navidad,140580117,14058,20.5721183,-104.6734669
JALISCO,NAVIDAD,Zenón Preciado (Kilómetro Veinticuatro Carretera Barra de Navidad),140240049,14024,20.4243578,-103.7516106
JALISCO,TEHUAMIXTLE,Tehuamixtle (Tehualmixtle),140200088,14020,20.2381111,-105.5753333
JALISCO,TENACATITA,Tenacatita [Centro Acuícola],140430226,14043,19.2978269,-104.8822981
JALISCO,TENACATITA,Tenacatita,140430171,14043,19.2841192,-104.8741814
JALISCO,TENACATITA,Los Ángeles Locos de Tenacatita,140430213,14043,19.3084447,-104.8328975
JALISCO,YELAPA,Yelapa,140200070,14020,20.4872917,-105.4428086
JALISCO,YELAPA,Yelapatapa,140200291,14020,20.4777778,-105.4591667
JALISCO,EL%20SALADO,El Salado,140120147,14012,20.4005667,-104.5002111
JALISCO,EL%20SALADO,Rancho el Salado,140150144,14015,19.7718158,-104.2625686
JALISCO,EL%20SALADO,El Salado,140640144,14064,21.9532431,-101.7687881
JALISCO,BARRANQUILLA,Barranquilla,140190201,14019,21.8216667,-103.9680556
JALISCO,BARRANQUILLA,Barranquilla del Agua,140480009,14048,20.7457122,-102.1305003
JALISCO,BARRANQUILLA,Las Barranquillas,141240298,14124,20.5563153,-102.9719208
JALISCO,BARRANQUILLA,La Barranquilla,140660059,14066,20.3209075,-102.7926586
JALISCO,BARRANQUILLA,Barranquillas,140930039,14093,20.7094644,-102.6029589
JALISCO,BARRANQUILLA,Barranquillas,141230151,14123,20.4107861,-102.9534750
JALISCO,BOQUILLA%20DE%20ZARAGOZA,La Boquilla de Zaragoza (La Boquilla),140810003,14081,22.1731867,-103.2002103
JALISCO,AGUA%20ZARCA,Agua Zarca,140930010,14093,20.6289039,-102.6272722
JALISCO,AGUA%20ZARCA,Agua Zarca,140850247,14085,19.4576717,-103.2150847
JALISCO,AGUA%20ZARCA,José María Morelos (Agua Zarca),140200078,14020,20.2892583,-105.5847778
JALISCO,AGUA%20ZARCA,Agua Zarca,140020047,14002,20.4157064,-103.5842061
JALISCO,AGUA%20ZARCA,Agua Zarca,140140055,14014,19.8856047,-103.4313556
JALISCO,AGUA%20ZARCA,Agua Zarca,140190274,14019,21.8148244,-103.7797550
JALISCO,AGUA%20ZARCA,Agua Zarca,140190374,14019,21.8822875,-103.7810517
JALISCO,AGUA%20ZARCA,Agua Zarca,140190398,14019,21.8856392,-104.0159878
JALISCO,AGUA%20ZARCA,El Agua Zarca,140670004,14067,20.5627236,-105.1450900
JALISCO,AGUA%20ZARCA,El Agua Zarca,140430006,14043,19.5016008,-104.8055475
JALISCO,AGUA%20ZARCA,Agua Zarca,140610297,14061,22.4679469,-103.6157189
JALISCO,AGUA%20ZARCA,Agua Zarca,140270257,14027,19.4769444,-104.3261111
JALISCO,AGUA%20ZARCA,Agua Zarca,140620003,14062,20.6436111,-104.5608333
JALISCO,AGUA%20ZARCA,Agua Zarca,140380145,14038,20.5426019,-104.3279881
JALISCO,AGUA%20ZARCA,Agua Zarca,140250007,14025,22.1908628,-103.3650928
JALISCO,AGUA%20ZARCA,Agua Zarca,140360073,14036,20.7227342,-104.0938408
JALISCO,AGUA%20ZARCA,Agua Zarca (La Caja),140360107,14036,20.7898286,-104.0973503
JALISCO,AGUA%20ZARCA,Agua Zarca,140610763,14061,22.0825564,-103.8721725
JALISCO,AGUA%20ZARCA,Agua Zarca,140610684,14061,22.1349350,-104.2196597
JALISCO,AGUA%20ZARCA,Agua Zarca,140611002,14061,22.2980264,-104.0177278
JALISCO,AGUA%20ZARCA,Agua Zarca,140820002,14082,19.8193736,-103.6292956
JALISCO,AGUA%20ZARCA,Agua Zarca,140650009,14065,19.2411806,-103.4855606
JALISCO,AGUA%20ZARCA,Agua Zarca,140850006,14085,19.8394206,-103.2760750
JALISCO,AGUA%20ZARCA,Agua Zarca,140940417,14094,20.9853158,-103.7491161
JALISCO,AGUA%20ZARCA,Agua Zarca,140940620,14094,21.2713683,-103.8213242
JALISCO,AGUA%20ZARCA,Agua Zarca,140850378,14085,19.7253078,-103.0872800
JALISCO,AGUA%20ZARCA,Ejido Agua Zarca (Poblado de Agua Zarca),140850400,14085,19.8247222,-103.2755556
JALISCO,AGUA%20ZARCA,Emiliano Zapata Yautepec (Agua Zarca),141000047,14100,19.8116106,-105.1645875
JALISCO,AGUA%20ZARCA,El Agua Zarca,141000393,14100,20.1149306,-105.3621667
JALISCO,AGUA%20ZARCA,Agua Zarca,141040005,14104,21.8503803,-103.4896850
JALISCO,AGUA%20ZARCA,Agua Zarca,141170002,14117,21.1695869,-102.6194606
JALISCO,AGUA%20ZARCA,Agua Zarca,141200523,14120,20.8289061,-103.5671536
JALISCO,CHALPICOTE,Chalpicote,140660043,14066,20.3102011,-102.9195522
JALISCO,CHAPALA,Chapala,140300001,14030,20.2933333,-103.1897222
JALISCO,CHAPALA,Chapala Haciendas,140440073,14044,20.3274172,-103.1896589
JALISCO,CHAPALA,Chapala,140800027,14080,20.9401497,-104.6686128
JALISCO,CHAPALA,Brisas de Chapala [Fraccionamiento],140300055,14030,20.3263850,-103.2002183
JALISCO,CHAPALA,Chapala Haciendas,140300004,14030,20.3234475,-103.1921719
JALISCO,CHAPALA,Vista del Lago (Country Club de Chapala),140300024,14030,20.3367658,-103.1203342
JALISCO,CHAPALA,La Pista (Ultra Ligeros de Chapala),140300069,14030,20.3111308,-103.1626983
JALISCO,CORRALES,Los Corrales (Mesa del Tirador),140190244,14019,21.7943992,-104.1230542
JALISCO,CORRALES,Corrales de Pronaga,141000299,14100,19.9827778,-105.3986111
JALISCO,CORRALES,Los Corrales,140190421,14019,21.8147014,-104.1381319
JALISCO,CORRALES,Los Corrales,140200082,14020,20.4103056,-105.6710833
JALISCO,CORRALES,Los Corrales,140280066,14028,20.1496633,-104.6632131
JALISCO,CORRALES,La Atarjea (Los Corrales),140570027,14057,20.0467019,-103.1185556
JALISCO,CORRALES,Los Corrales,140680035,14068,19.7591667,-104.5433333
JALISCO,CORRALES,Corrales el Verde,140980084,14098,20.5759008,-103.2872233
JALISCO,CORRALES,Los Corrales (Villa de Guadalupe),140520012,14052,20.0948969,-104.0772889
JALISCO,CORRALES,Corrales,140080596,14008,20.6874083,-102.2529111
JALISCO,CORRALES,Los Corrales,140580348,14058,20.5486111,-104.6577778
JALISCO,CORRALES,Los Corrales (San José de los Corrales),140580049,14058,20.7957061,-104.6378717
JALISCO,CORRALES,San Diego (Corrales la Villita),140350785,14035,21.4985278,-102.2710417
JALISCO,CORRALES,Los Corrales,140400021,14040,21.0535811,-104.1067967
JALISCO,CORRALES,Corrales,140430309,14043,19.7209444,-105.0996406
JALISCO,CORRALES,Los Corrales,140480033,14048,20.6944444,-102.0830556
JALISCO,CORRALES,El Capulín (Los Corrales),140570029,14057,20.0389731,-103.1331589
JALISCO,CORRALES,Los Corrales,140611009,14061,22.3491858,-103.7861286
JALISCO,CORRALES,Corrales,140650350,14065,19.3318947,-103.3865939
JALISCO,CORRALES,Corrales,140870492,14087,19.3409219,-103.3869153
JALISCO,CORRALES,Los Corrales,140760162,14076,21.5952569,-103.8715161
JALISCO,CORRALES,Los Corrales,140770043,14077,20.4240786,-103.9018150
JALISCO,CORRALES,Los Corrales,140840557,14084,20.1627778,-104.8500000
JALISCO,CORRALES,Corrales la Presa (Valle de la Amistad),140970784,14097,20.5368725,-103.3498831
JALISCO,DEGOLLADO,Degollado,140330001,14033,20.4475000,-102.1350000
JALISCO,EJIDO%20MODELO,Villa Emiliano Zapata (Ejido Modelo),140960014,14096,20.1663889,-102.9900000
JALISCO,EJIDO%20MODELO,Ejido Modelo,140210024,14021,19.5376989,-104.5136433
JALISCO,EL%20CORRAL,Gruas Ayón (El Corralón),140670225,14067,20.7082311,-105.2282272
JALISCO,EL%20CORRAL,San Miguel y Anexas (El Corral Cuadrado),140150251,14015,19.6860506,-104.2064919
JALISCO,EL%20CORRAL,El Corral de Piedra,140490450,14049,19.2594714,-103.0090642
JALISCO,EL%20CORRAL,El Corral de Mejía,140590016,14059,19.8807889,-103.1638531
JALISCO,EL%20CORRAL,El Corral de Piedra,140330024,14033,20.4665208,-102.1512761
JALISCO,EL%20CORRAL,El Corralito,140410067,14041,22.3838592,-103.2301219
JALISCO,EL%20CORRAL,El Corral de Mejía,140260241,14026,19.8804800,-103.1668150
JALISCO,EL%20CORRAL,El Corral Falso,140150191,14015,19.6616667,-104.3502778
JALISCO,EL%20CORRAL,El Corral Falso,141240050,14124,20.6563089,-103.1493058
JALISCO,EL%20CORRAL,El Corral Falso (El Chilillo),140650426,14065,19.2086906,-103.3512283
JALISCO,EL%20CORRAL,El Corralito,140790014,14079,19.8734158,-103.3384797
JALISCO,EL%20CORRAL,Colonia Dieciocho de Marzo (El Corral de los Toros),140810007,14081,22.1958333,-103.1163889
JALISCO,EL%20CORRAL,El Corral Falso,140830150,14083,20.6794814,-103.6799308
JALISCO,EL%20CORRAL,El Corral de Bernal (El Camichín),141000443,14100,20.0021028,-105.3887222
JALISCO,EL%20CORRAL,El Corralillo,141160083,14116,21.6161361,-102.6509164
JALISCO,EL%20EMBARCADERO,El Embarcadero,140680606,14068,19.9155556,-104.9300000
JALISCO,EL%20FUERTE,Lácteos Deshidratados Mexicanos (El Fuerte),140530896,14053,21.3527778,-101.8900000
JALISCO,EL%20FUERTE,El Fuerte,140080638,14008,20.8865744,-102.3709258
JALISCO,EL%20FUERTE,La Tabla del Fuerte,140530830,14053,21.3397222,-101.8711111
JALISCO,EL%20MOGOTE,El Mogote,140080172,14008,20.7050414,-102.4064461
JALISCO,EL%20MOGOTE,El Mogote,140370146,14037,19.7646717,-104.1393514
JALISCO,EL%20MOGOTE,El Mogote,140720118,14072,20.9090714,-102.0839183
JALISCO,EL%20MOGOTE,El Mogote,140350363,14035,21.6530719,-101.9957003
JALISCO,EL%20MOGOTE,El Mogote,141170102,14117,21.1468072,-102.6478258
JALISCO,EL%20MUEY,El Muey,140700011,14070,20.5056611,-103.2180150
JALISCO,EL%20PRETIL,El Pretil de la Arena,141050190,14105,20.5608333,-102.7902778
JALISCO,EL%20PROGRESO,El Progreso,141180309,14118,21.1551850,-102.8579842
JALISCO,EL%20PROGRESO,Sociedad el Progreso,140220116,14022,19.2678319,-104.7070989
JALISCO,EL%20PROGRESO,El Progreso,140880107,14088,20.1841667,-104.0411111
JALISCO,EL%20SALADO,El Salado,140120147,14012,20.4005667,-104.5002111
JALISCO,EL%20SALADO,Rancho el Salado,140150144,14015,19.7718158,-104.2625686
JALISCO,EL%20SALADO,El Salado,140640144,14064,21.9532431,-101.7687881
JALISCO,EL%20VALLE,Santa Cruz del Valle,140970035,14097,20.5475000,-103.3338889
JALISCO,EL%20VALLE,La Unión del Cuatro (San José del Valle),140970038,14097,20.5305556,-103.3713889
JALISCO,EL%20VALLE,Zapote del Valle (Zapote de Santa Cruz),140970041,14097,20.5058333,-103.2961111
JALISCO,EL%20VALLE,Paseos del Valle [Fraccionamiento],140970871,14097,20.5235447,-103.3357714
JALISCO,EL%20VALLE,Santa María del Valle,140080280,14008,20.8777778,-102.3791667
JALISCO,EL%20VALLE,Real del Valle (El Paraíso) [Fraccionamiento],140970831,14097,20.5455556,-103.3697222
JALISCO,EL%20VALLE,El Valle,140060173,14006,20.5345800,-104.0114056
JALISCO,EL%20VALLE,El Vallecito,140190110,14019,21.8971628,-103.9785506
JALISCO,EL%20VALLE,Mesa del Valle,140080580,14008,20.7653361,-102.2039689
JALISCO,EL%20VALLE,Comidas del Valle,140130159,14013,20.5220256,-102.5247961
JALISCO,EL%20VALLE,Hacienda del Valle [Bodega de Ballesteros],140180246,14018,20.4099258,-102.4246294
JALISCO,EL%20VALLE,La Mesa del Valle,140560027,14056,19.5971617,-102.9370678
JALISCO,EL%20VALLE,Impulsora Porcícola del Valle,140370046,14037,19.7660814,-104.2140714
JALISCO,EL%20VALLE,El Vallecillo,140560171,14056,19.5048594,-102.7499272
JALISCO,EL%20VALLE,Santa Cruz del Valle,140970723,14097,20.5361111,-103.3341667
JALISCO,EL%20VALLE,Potrero Zapote del Valle (El Ahogado),140970177,14097,20.5141633,-103.2822158
JALISCO,EL%20VALLE,San José del Valle,140130089,14013,20.4686500,-102.5928831
JALISCO,EL%20VALLE,Ejido el Valle (La Paz de Milpillas),140130101,14013,20.4918594,-102.5333208
JALISCO,EL%20VALLE,Nuevo Valle (Ex-Hacienda del Valle),140130051,14013,20.4677064,-102.5861158
JALISCO,EL%20VALLE,Campestre del Valle [Fraccionamiento],140660071,14066,20.3450900,-102.7911728
JALISCO,EL%20VALLE,El Valle,140480146,14048,20.5336111,-102.0769444
JALISCO,EL%20VALLE,El Vallecillo,140560246,14056,19.5728306,-102.8878900
JALISCO,EL%20VALLE,El Vallecito,140650087,14065,19.1232669,-103.3600736
JALISCO,EL%20VALLE,Colinas del Valle,140670244,14067,20.7569444,-105.1591667
JALISCO,EL%20VALLE,El Ranchito (El Vallecito),140650451,14065,19.1202697,-103.3543519
JALISCO,EL%20VALLE,La Arboleda (Lomas del Valle),140670127,14067,20.7510233,-105.1573197
JALISCO,EL%20VALLE,El Valle,140740103,14074,20.9641361,-102.1559342
JALISCO,EL%20VALLE,Doctor Manuel Valle,140680567,14068,19.7176717,-104.6238300
JALISCO,EL%20VALLE,El Valle Escondido,140930436,14093,20.9414117,-102.6698725
JALISCO,EL%20VALLE,Lomas del Valle,141240359,14124,20.6091633,-103.0750039
JALISCO,EL%20VALLE,Ninguno [Sociedad de Productores Agropecuarios del Valle de Tomatlán],141000488,14100,19.8967967,-105.3464514
JALISCO,EL%20VALLE,Valle Florido (El Valle),141080058,14108,19.3074942,-103.4394039
JALISCO,EL%20VALLE,Villas del Valle,141200748,14120,20.7828311,-103.4487606
JALISCO,EL%20VALLE,El Valle,141230141,14123,20.4522800,-102.9314061
JALISCO,EL%20VALLE,El Tlacuache (El Valle),141190044,14119,20.2433989,-103.6086383
JALISCO,EL%20VALLE,Vista del Valle,141240365,14124,20.5693258,-103.1308897
JALISCO,EL%20LIMON,El Limoncito,140490291,14049,19.4295769,-102.5758842
JALISCO,EL%20LIMON,El Limoncito,140150048,14015,19.7310203,-104.3645678
JALISCO,EL%20LIMON,El Limoncito,140200157,14020,20.3255556,-105.5141667
JALISCO,EL%20LIMON,El Limoncito,140270253,14027,19.3102108,-104.1851353
JALISCO,EL%20LIMON,El Limoncito,140320020,14032,20.1401958,-103.9085886
JALISCO,EL%20LIMON,El Limoncito,140150249,14015,19.6821994,-104.2102081
JALISCO,EL%20LIMON,El Limoncito,140220139,14022,19.2433333,-104.7005556
JALISCO,EL%20LIMON,El Limoncito,140940071,14094,21.1580331,-104.0156800
JALISCO,EL%20LIMON,El Limoncito,141000507,14100,20.0056786,-105.2770258
JALISCO,EL%20LIMON,El Limoncillo,140340062,14034,19.9419844,-103.9732689
JALISCO,EL%20LIMON,Limoncito de Castrejón (El Limoncito),140490461,14049,19.2275406,-103.0727281
JALISCO,EL%20LIMON,El Limoncito,140380090,14038,20.9216006,-104.6149200
JALISCO,EL%20LIMON,Morelos (El Limoncito),140430166,14043,19.4689275,-104.9237481
JALISCO,EL%20LIMON,El Limoncito,140680577,14068,19.6859697,-104.5975225
JALISCO,EL%20LIMON,El Limonal,140540026,14054,19.8096817,-104.1163981
JALISCO,EL%20LIMON,El Limoncito (Piedra Imán),140650047,14065,19.1900708,-103.3699839
JALISCO,EL%20LIMON,El Limoncito,140680219,14068,19.9913547,-104.7021125
JALISCO,EL%20LIMON,El Limoncito (Los Limoncitos),140650118,14065,19.0497786,-103.3580767
JALISCO,EL%20LIMON,El Limoncito,140850418,14085,19.5332842,-103.1148783
JALISCO,EL%20LIMON,El Limoncito,140680613,14068,19.7151894,-104.6378792
JALISCO,EL%20LIMON,El Limoncillo,140840488,14084,20.2823889,-105.0808611
JALISCO,EL%20LIMON,El Limoncito,140870411,14087,19.0287239,-103.1276817
JALISCO,EL%20LIMON,El Limoncito,140870616,14087,18.9944678,-103.2027725
JALISCO,EL%20LIMON,El Limoncito (La Bolsa),140870617,14087,19.2022983,-103.2719778
JALISCO,EL%20LIMON,El Limoncito,141100149,14110,20.0064600,-104.1612342
JALISCO,EL%20LIMON,El Limoncito,140870514,14087,19.3886297,-103.1054897
JALISCO,EL%20LIMON,El Limoncito,140870515,14087,19.0816439,-103.0739961
JALISCO,EL%20LIMON,El Limoncito,140430187,14043,19.5082469,-104.9319897
JALISCO,LA%20YESCA,La Yesca,141180172,14118,21.2410386,-103.0327336
JALISCO,CUITZEO,Cuitzeo (La Estancia),140660011,14066,20.3427778,-102.7838889
JALISCO,MESA%20DE%20FLORES,Mesa de Flores,140400043,14040,21.1852778,-104.0894444
JALISCO,MESA%20DE%20FLORES,Mesa de Flores,140250043,14025,22.1075000,-103.3758333
JALISCO,JAMAY,Equipo de Bombeo de Jamay (Bombas de Ibarra),140470007,14047,20.2374464,-102.6243992
JALISCO,JAMAY,Jamay,140470001,14047,20.2944444,-102.7097222
JALISCO,LA%20ALAMEDA,La Alameda,140970115,14097,20.4952778,-103.2483333
JALISCO,LA%20ALAMEDA,La Alameda [Fraccionamiento],140700064,14070,20.4991667,-103.2416667
JALISCO,LA%20ALAMEDA,El Llano y la Alameda,140100058,14010,20.0820817,-103.7355475
JALISCO,LA%20ALAMEDA,La Alameda,140350599,14035,21.7422919,-102.1078381
JALISCO,LA%20ALAMEDA,La Alameda,140740002,14074,20.9187197,-102.1438003
JALISCO,LA%20CUESTA,La Cuesta (Bajío del Sauz),140250098,14025,22.0435225,-103.2489397
JALISCO,LA%20CUESTA,Pie de la Cuesta,140120047,14012,20.3528475,-104.5756819
JALISCO,LA%20CUESTA,La Cuesta,140970840,14097,20.4853219,-103.4274750
JALISCO,LA%20CUESTA,La Cuesta,140690043,14069,19.8825306,-102.8210622
JALISCO,LA%20CUESTA,Pie de la Cuesta,140710108,14071,20.9915714,-103.4176519
JALISCO,LA%20CUESTA,La Cuesta de Medina,140730270,14073,21.2232417,-102.3285294
JALISCO,LA%20CUESTA,San Pedro de la Cuesta,140840289,14084,20.1798222,-104.8340028
JALISCO,LA%20CUESTA,Pie de la Cuesta,140800075,14080,20.8744325,-104.8569811
JALISCO,LA%20CUESTA,La Cuesta,140830051,14083,20.6016500,-103.7000253
JALISCO,LA%20CUESTA,Pie de la Cuesta,140800211,14080,20.8177833,-104.7160278
JALISCO,LA%20CUESTA,San Agustín de la Cuesta (San Agustín),140840195,14084,20.1579414,-104.9037997
JALISCO,LA%20CUESTA,Santa Elena de la Cuesta (El Beneficio del Borrego),140840403,14084,20.1713889,-104.8272222
JALISCO,LA%20CUESTA,Santa Lucía de la Cuesta (Santa Lucía),140840215,14084,20.0990439,-104.8515650
JALISCO,LA%20CUESTA,La Cuesta,140840066,14084,20.1811250,-104.8170125
JALISCO,LA%20CUESTA,Beneficio de la Cuesta,140840413,14084,20.2006967,-104.8027586
JALISCO,LA%20CUESTA,Soledad de la Cuesta,140840465,14084,20.1659136,-104.8363372
JALISCO,LA%20CUESTA,Pie de la Cuesta,140850428,14085,19.5750225,-103.1941319
JALISCO,LA%20CUESTA,Cuesta de Acasico (La Cuesta Blanca),141180197,14118,21.1954503,-102.8474394
JALISCO,LA%20PALAPA,La Palapa del Mayor,140060182,14006,20.5938475,-104.0380397
JALISCO,LA%20PALAPA,La Palapa,140580122,14058,20.6798719,-105.0937506
JALISCO,LA%20TUNA,La Tuna,141170070,14117,21.2126578,-102.6334503
JALISCO,LA%20TUNA,La Tuna,140270244,14027,19.4141667,-104.4858333
JALISCO,LA%20TUNA,La Tuna,140380207,14038,20.6710025,-104.3505219
JALISCO,LA%20TUNA,La Tuna,140900030,14090,19.9950525,-104.0857242
JALISCO,LA%20TUNA,La Tuna,140600083,14060,21.2397778,-102.7460781
JALISCO,LA%20TUNA,La Tuna,140380085,14038,20.9249283,-104.5648208
JALISCO,LA%20TUNA,La Tuna,140730166,14073,21.3506831,-102.3833986
JALISCO,LA%20TUNA,La Tuna,140150085,14015,19.7446564,-104.2528039
JALISCO,LA%20TUNA,La Tuna,140230228,14023,19.7180756,-103.5476789
JALISCO,LA%20TUNA,La Tuna,140510037,14051,20.4781139,-103.1828361
JALISCO,LA%20TUNA,La Tuna,140570014,14057,20.0098622,-103.0876733
JALISCO,LA%20TUNA,Joconoxtle (La Tuna),140630010,14063,20.4524964,-102.6765758
JALISCO,LA%20TUNA,La Tuna,140650085,14065,19.2475708,-103.4244797
JALISCO,LA%20TUNA,La Tuna,140160120,14016,20.4509417,-102.4421031
JALISCO,LA%20TUNA,La Tuna,140680134,14068,19.8395856,-104.7415433
JALISCO,LA%20TUNA,La Tuna Blanca (El Rancho de Camacho),140880075,14088,20.3530556,-104.1083333
JALISCO,LA%20TUNA,Potrero de la Tuna (Ejido la Jara),140730391,14073,21.3311381,-102.3740381
JALISCO,LA%20TUNA,La Tuna,140850165,14085,19.7943342,-103.3338394
JALISCO,LA%20TUNA,La Tuna,140860064,14086,19.9816653,-103.7430717
JALISCO,LA%20TUNA,Potrero de la Tuna Amarilla,140860172,14086,19.9230261,-103.7713119
JALISCO,LA%20TUNA,La Tuna,141030061,14103,19.4417825,-103.5220706
JALISCO,LA%20TUNA,La Tuna,140870558,14087,19.3896686,-103.1498481
JALISCO,LA%20TUNA,El Alto de la Tuna,141090161,14109,21.2663056,-102.1256417
JALISCO,LA%20TUNA,La Tuna,141130184,14113,19.7426514,-103.7099383
JALISCO,LA%20ZAPOTERA,La Zapotera,140130105,14013,20.5204597,-102.5089694
JALISCO,LA%20ZAPOTERA,La Zapotera,140370124,14037,19.7177778,-104.1516667
JALISCO,LA%20ZAPOTERA,La Zapotera,140660037,14066,20.3069525,-102.8957450
JALISCO,BARRA%20DE%20NAVIDAD,Barra de Navidad,140220006,14022,19.2080556,-104.6805556
JALISCO,BARRA%20DE%20NAVIDAD,Zenón Preciado (Kilómetro Veinticuatro Carretera Barra de Navidad),140240049,14024,20.4243578,-103.7516106
JALISCO,CHAPALA,Chapala,140300001,14030,20.2933333,-103.1897222
JALISCO,CHAPALA,Chapala Haciendas,140440073,14044,20.3274172,-103.1896589
JALISCO,CHAPALA,Chapala Haciendas,140300004,14030,20.3234475,-103.1921719
JALISCO,CHAPALA,Vista del Lago (Country Club de Chapala),140300024,14030,20.3367658,-103.1203342
JALISCO,CHAPALA,La Pista (Ultra Ligeros de Chapala),140300069,14030,20.3111308,-103.1626983
JALISCO,CHAPALA,Chapala,140800027,14080,20.9401497,-104.6686128
JALISCO,CHAPALA,Brisas de Chapala [Fraccionamiento],140300055,14030,20.3263850,-103.2002183
JALISCO,SAYULA,Sayulapa,141000294,14100,20.0026467,-105.3377714
JALISCO,SAYULA,Sayulapan,141190015,14119,20.1667697,-103.6277031
JALISCO,SAYULA,Sayula,140820001,14082,19.8836111,-103.5972222
JALISCO,SAYULA,Sayulapan (Sayolapa),140490189,14049,19.2550531,-103.0279628
JALISCO,SAYULA,Sayula [Granja Acuícola],140140062,14014,19.9128411,-103.5967353
JALISCO,SAYULA,Sayulapan,141130055,14113,19.6598183,-103.6462636
JALISCO,LAS%20BARRANCAS,Las Barrancas,140690254,14069,19.9157444,-102.9147497
JALISCO,LAS%20BARRANCAS,Las Barrancas,140530540,14053,21.2888222,-102.0032861
JALISCO,LAS%20BARRANCAS,Las Barrancas,140530651,14053,21.4336111,-101.8502778
JALISCO,LAS%20BARRANCAS,Las Barrancas,140840412,14084,20.2167164,-104.8224097
JALISCO,LOS%20ARRAYANES,Los Arrayanes,140270246,14027,19.3876125,-104.1661214
JALISCO,LOS%20ARRAYANES,Los Arrayanes,140330008,14033,20.4538889,-102.0922222
JALISCO,LOS%20ARRAYANES,Los Arrayanes,140200200,14020,20.4064558,-105.3715419
JALISCO,LOS%20ARRAYANES,Los Arrayanes,140610979,14061,21.9649031,-104.0141239
JALISCO,LOS%20ARRAYANES,Los Arrayanes,140800177,14080,20.8294444,-105.0191667
JALISCO,LOS%20ARRAYANES,Los Arrayanes [Balneario],140830104,14083,20.6782481,-103.7098158
JALISCO,LOS%20ARRAYANES,Los Arrayanes,140840555,14084,20.1669167,-104.9945794
JALISCO,LOS%20ARRAYANES,Los Arrayanes,140700129,14070,20.5269917,-103.2006889
JALISCO,LOS%20CERRITOS,La Puerta de los Cerritos,141090434,14109,21.2216708,-101.9432600
JALISCO,LOS%20CERRITOS,Los Cerritos,140080394,14008,20.6686831,-102.3457242
JALISCO,LOS%20CERRITOS,Los Cerritos,140080633,14008,20.8555014,-102.2054922
JALISCO,LOS%20CERRITOS,Los Cerritos,140190027,14019,21.8284417,-104.0195039
JALISCO,LOS%20CERRITOS,Los Cerritos,140240028,14024,20.4220261,-103.7693475
JALISCO,LOS%20CERRITOS,Los Cerritos,140530920,14053,21.3023306,-101.6999356
JALISCO,LOS%20CERRITOS,Los Cerritos,140450254,14045,20.8572222,-103.2127778
JALISCO,LOS%20CERRITOS,Los Cerritos,140310020,14031,21.7352481,-103.6349147
JALISCO,LOS%20CERRITOS,Los Cerritos,140080504,14008,20.8171250,-102.1145958
JALISCO,LOS%20CERRITOS,La Manga (Rancho de los Cerritos),140440098,14044,20.4626033,-103.2110978
JALISCO,LOS%20CERRITOS,Los Cerritos,140170022,14017,20.0389342,-104.4378997
JALISCO,LOS%20CERRITOS,Rancho los Cerritos,140530794,14053,21.3263889,-101.9100000
JALISCO,LOS%20CERRITOS,Rancho los Cerritos,140610813,14061,22.1490258,-104.0433094
JALISCO,LOS%20CERRITOS,Los Cerritos,140840044,14084,20.1262839,-104.8814456
JALISCO,LOS%20CERRITOS,Las Mesitas (Los Cerritos),140780113,14078,21.0754678,-102.4160872
JALISCO,LOS%20CERRITOS,Los Cerritos,140780045,14078,21.0504756,-102.2266639
JALISCO,LOS%20CERRITOS,Los Cerritos,140930382,14093,20.9264969,-102.7684461
JALISCO,LOS%20CERRITOS,Los Cerritos,140930080,14093,20.6855019,-102.6083631
JALISCO,LOS%20CERRITOS,Los Cerritos,140840311,14084,20.4966936,-105.1299947
JALISCO,LOS%20CERRITOS,Los Cerritos,140940639,14094,21.4322222,-103.5447222
JALISCO,LOS%20CERRITOS,Los Cerritos,140970461,14097,20.5393250,-103.4078825
JALISCO,LOS%20CERRITOS,Los Cerritos,140990071,14099,19.5445558,-103.8688406
JALISCO,LOS%20CERRITOS,Las Yeguas  (Los Cerritos),141090402,14109,21.1188583,-102.0128311
JALISCO,LOS%20CERRITOS,Los Cerritos,141050134,14105,20.4804583,-102.7640694
JALISCO,LOS%20CERRITOS,Los Cerritos (Carrizalillo),141080281,14108,19.5778078,-103.4064061
JALISCO,LOS%20CERRITOS,Los Guayabitos (Los Cerritos),141180267,14118,21.1682206,-102.8844556
JALISCO,LOS%20CERRITOS,Los Cerritos,141140015,14114,20.3452111,-103.7169769
JALISCO,LOS%20CERRITOS,El Coconaxtle (Los Cerritos),141140016,14114,20.3433522,-103.7051425
JALISCO,LOS%20CERRITOS,Rancho los Cerritos,141200286,14120,20.8115022,-103.4795100
JALISCO,LOS%20CERRITOS,Los Cerritos,141230086,14123,20.4183672,-102.9266100
JALISCO,LOS%20CERRITOS,Los Cerritos,141230011,14123,20.4779203,-102.7720567
JALISCO,CHALACATEPEC,Chalacatepec,141000252,14100,19.6977778,-105.2622222
JALISCO,MESA%20DE%20FLORES,Mesa de Flores,140400043,14040,21.1852778,-104.0894444
JALISCO,MESA%20DE%20FLORES,Mesa de Flores,140250043,14025,22.1075000,-103.3758333
JALISCO,MEZCALA,Mezcala,140660019,14066,20.3350000,-103.0169444
JALISCO,MEZCALA,Mezcala,140930186,14093,20.9492242,-102.8447653
JALISCO,MEZCALA,Mezcala,140170056,14017,19.9052669,-104.4217322
JALISCO,MEZCALA,Cuesta de Mezcala,140660010,14066,20.3365236,-102.9979572
JALISCO,MEZCALA,Isla de Mezcala (El Presidio),140660046,14066,20.2923408,-103.0239233
JALISCO,MEZCALA,Crucero de Mezcala,140930745,14093,20.9610789,-102.8160939
JALISCO,MEZCALA,Plan de Mezcala,140930420,14093,20.9354281,-102.8615958
JALISCO,MEZCALA,Mezcala,141100028,14110,19.9090481,-104.3122769
JALISCO,MEZCALA,Mezcala,141200730,14120,20.8350150,-103.5259206
JALISCO,PRESA%20CORONA,Presa Corona,140300038,14030,20.3981647,-103.0916533
JALISCO,PRESA%20EL%20JIHUITE,Presa el Jihuite,140930811,14093,20.8553156,-102.7185575
JALISCO,PRESA%20LA%20RED,La Red (Presa la Red),140930268,14093,20.7188292,-102.8134758
JALISCO,PRESA%20PALO%20VERDE,Presa Palo Verde,140180248,14018,20.3495639,-102.4157928
JALISCO,SAN%20PEDRO%20ANALCO,San Pedro Analco,140940140,14094,21.1379842,-103.9498572
JALISCO,PUERTO%20CORONA,Puerto Corona,141070006,14107,20.1947500,-103.2781061
JALISCO,CHIMO,Chimolta,140610696,14061,22.2330458,-103.7894836
JALISCO,CHIMO,Chimo,140200021,14020,20.4714569,-105.5919886
JALISCO,CHIMO,El Chimote,141160020,14116,21.6310439,-102.5006442
JALISCO,SANTA%20CRUZ%20DE%20LA%20SOLEDAD,Santa Cruz de la Soledad,140300007,14030,20.3183592,-103.1600703
JALISCO,SANTO%20DOMINGO,Paso de Santo Domingo,140400117,14040,21.0811311,-104.0247419
JALISCO,SANTO%20DOMINGO,Santo Domingo (La Coma),140460283,14046,21.1445144,-102.3246375
JALISCO,SANTO%20DOMINGO,Santo Domingo,140450121,14045,20.8555881,-103.1951047
JALISCO,SANTO%20DOMINGO,Santo Domingo,140530281,14053,21.7978175,-102.0382064
JALISCO,SANTO%20DOMINGO,Santo Domingo,141090183,14109,21.1837914,-102.1496119
JALISCO,SANTO%20DOMINGO,Santo Domingo de Guzmán (Santo Domingo),140400070,14040,21.0951117,-103.9902992
JALISCO,SANTO%20DOMINGO,Santo Domingo,140350355,14035,21.4834431,-102.2820411
JALISCO,SANTO%20DOMINGO,Santo Domingo,140170104,14017,20.1398025,-104.2128456
JALISCO,SANTO%20DOMINGO,Santo Domingo (Arroyo del Palo),140530824,14053,21.2982642,-102.0933725
JALISCO,SANTO%20DOMINGO,Santo Domingo,140640062,14064,21.8183333,-101.6097222
JALISCO,SANTO%20DOMINGO,Santo Domingo,140530932,14053,21.2997972,-102.1111111
JALISCO,SANTO%20DOMINGO,Santo Domingo,140940710,14094,21.1545797,-103.7160831
JALISCO,SANTO%20DOMINGO,Santo Domingo (La Comba),140780360,14078,21.0193069,-102.4631542
JALISCO,TEPEHUAJE,Tepehuaje,140840230,14084,20.1898281,-104.8064653
JALISCO,TEPEHUAJE,El Tepehuaje de Morelos,140770022,14077,20.4333333,-103.9102778
JALISCO,TEPEHUAJE,El Tepehuaje,140440060,14044,20.4124825,-103.2529342
JALISCO,TEPEHUAJE,El Refugio (El Tepehuaje),140270095,14027,19.3595167,-104.5477111
JALISCO,TEPEHUAJE,Tepehuaje,140920025,14092,20.1336111,-103.2994444
JALISCO,TEPEHUAJE,El Tepehuaje,140450210,14045,20.8397222,-103.3175000
JALISCO,TEPEHUAJE,El Tepehuaje,140010073,14001,20.7505575,-103.0015228
JALISCO,TEPEHUAJE,El Tepehuaje,141240337,14124,20.5272861,-103.0613333
JALISCO,TEPEHUAJE,El Tepehuaje,140940237,14094,20.9652306,-103.7980597
JALISCO,TEPEHUAJE,Tepehuajes,140560250,14056,19.3997536,-102.8454439
JALISCO,TEPEHUAJE,Tepehuaje Ancho,140560256,14056,19.5277264,-102.8451114
JALISCO,TEPEHUAJE,Tepehuaje [Granja Avícola],140770047,14077,20.4769264,-103.9088544
JALISCO,TOLUCA,Toluca,140530042,14053,21.4620567,-101.7721831
JALISCO,TUXCUECA,Tuxcueca,141070001,14107,20.1555556,-103.1838889
NAYARIT,ARROYO%20DEL%20CAPOMO,Arroyo del Capomo,180090510,18009,22.0249639,-104.6830731
NAYARIT,ARROYO%20DEL%20CAPOMO,Arroyo del Capomo,180191760,18019,21.4085525,-104.4078664
NAYARIT,ARROYO%20SECO,Arroyo Seco,180091442,18009,21.7886122,-104.8572492
NAYARIT,ARROYO%20SECO,Arroyo Seco,180190258,18019,21.7472619,-104.0678486
NAYARIT,LOS%20AYALA,Los Ayala,180040020,18004,21.0251353,-105.2858356
NAYARIT,LOS%20AYALA,Los Ayala [Rancho],180160245,18016,22.4369983,-105.4262936
NAYARIT,EL%20BANQUITO,El Banquito,180091372,18009,22.2445114,-104.8130897
NAYARIT,EL%20BANQUITO,El Banquito (Alejandro de la Cruz),180191654,18019,21.9620469,-104.2154603
NAYARIT,EL%20BANQUITO,Los Banquitos (El Banquito de los Arrieros),180190025,18019,21.5406686,-103.9009375
NAYARIT,EL%20BANQUITO,Los Metates (El Banquito),180191551,18019,21.8553681,-104.2674739
NAYARIT,FRANCISCO%20VILLA,Francisco Villa,180100047,18010,22.2208933,-105.3303897
NAYARIT,EL%20CHIRIMOYO,El Chirimoyo [Embarcadero],180100146,18010,22.0365019,-105.4368436
NAYARIT,EL%20COLOMO,El Colomo,180140017,18014,21.3766461,-104.5476850
NAYARIT,EL%20COLOMO,El Colomo,180150018,18015,21.7963889,-104.9836111
NAYARIT,EL%20COLOMO,El Colomo,180170209,18017,21.7657797,-104.6985344
NAYARIT,EL%20COLOMO,El Colomo,180050027,18005,22.9543817,-105.1096117
NAYARIT,EL%20COLOMO,El Colomo,180190586,18019,21.3970750,-103.8933547
NAYARIT,EL%20COLOMO,El Colomo,180090036,18009,22.1688169,-104.5147597
NAYARIT,EL%20COLOMO,La Alegría (El Colomo),180090838,18009,21.6633333,-104.4697222
NAYARIT,EL%20COLOMO,El Colomo,180091323,18009,21.5930425,-104.5599292
NAYARIT,EL%20COLOMO,El Colomo,180150397,18015,21.8174925,-105.1919564
NAYARIT,EL%20COLOMO,El Colomo,180190654,18019,21.2992344,-103.9908203
NAYARIT,EL%20COLOMO,El Colomo,180191241,18019,21.4535139,-104.2467497
NAYARIT,EL%20COLOMO,El Colomo,180191524,18019,21.7870442,-104.1299836
NAYARIT,EL%20COLOMO,El Colomo,180200026,18020,20.8684386,-105.1565861
NAYARIT,EL%20COLOMO,El Colomo,180191612,18019,21.4977589,-104.3476167
NAYARIT,COLORADO%20DE%20LA%20MORA,Colorado de la Mora,180170116,18017,21.7107200,-104.6489914
NAYARIT,EL%20CONCHAL,El Conhar (El Conchal),180020137,18002,21.1100831,-104.6258042
NAYARIT,EL%20CONCHAL,El Conchal,180040054,18004,21.2112114,-105.1638742
NAYARIT,EL%20CONCHAL,El Conchal,180040055,18004,21.1622469,-104.8652014
NAYARIT,LAS%20CONCHAS,Las Conchas,180090203,18009,22.4575000,-104.9427778
NAYARIT,LAS%20CONCHAS,Las Conchas,180100056,18010,22.1958081,-105.0044392
NAYARIT,CORRAL%20DEL%20RISCO,Corral del Risco (Punta de Mita),180200106,18020,20.7750969,-105.5119206
NAYARIT,LA%20CORTINA,Embarcadero de la Cortina,180170338,18017,21.8350147,-104.7953714
NAYARIT,LAS%20CUEVAS,Las Cuevas,180050352,18005,22.6782744,-105.2305522
NAYARIT,LAS%20CUEVAS,Playa las Cuevas,180040621,18004,21.1416667,-105.2325000
NAYARIT,LAS%20CUEVAS,Las Cuevas,180090498,18009,22.0342636,-104.4615350
NAYARIT,LAS%20CUEVAS,Las Cuevas,180060151,18006,20.9891958,-104.3121489
NAYARIT,LAS%20CUEVAS,Las Cuevas,180191077,18019,21.4849175,-104.0112736
NAYARIT,LAS%20CUEVAS,Las Cuevas,180090655,18009,22.4332222,-105.0388861
NAYARIT,LAS%20CUEVAS,Las Cuevas,180090775,18009,21.9210589,-104.5455489
NAYARIT,LAS%20CUEVAS,Las Cuevas,180091154,18009,21.9111472,-104.7626172
NAYARIT,LAS%20CUEVAS,Las Cuevas,180140021,18014,21.5131903,-104.5894889
NAYARIT,EL%20CIRUELO,Cinco de Mayo (El Ciruelo),180170114,18017,21.6917828,-105.0878692
NAYARIT,EL%20CIRUELO,El Ciruelo,180050401,18005,22.8676031,-105.3080825
NAYARIT,EL%20CIRUELO,El Ciruelo,180010314,18001,22.3266928,-105.2630394
NAYARIT,EL%20CIRUELO,El Ciruelo,180050406,18005,22.7465183,-105.2211311
NAYARIT,EL%20CIRUELO,El Ciruelo,180091220,18009,21.5644261,-104.5518847
NAYARIT,EL%20CIRUELO,El Ciruelo,180070010,18007,21.2589775,-104.3485428
NAYARIT,EL%20CIRUELO,El Ciruelo,180190965,18019,21.8293822,-104.3409525
NAYARIT,EL%20CIRUELO,Laureles y Góngora (El Ciruelo),180120009,18012,21.6589308,-105.3664900
NAYARIT,EL%20COLORADO,El Colorado,180140064,18014,21.2393842,-104.5802747
NAYARIT,EL%20COLORADO,La Playa del Colorado,180150093,18015,21.8804222,-105.5793203
NAYARIT,EL%20COLORADO,Cecilia Barajas (Higuera del Colorado) [Rancho],180150097,18015,21.8167875,-105.2269150
NAYARIT,EL%20COLORADO,El Colorado,180050029,18005,22.6891333,-105.2322061
NAYARIT,EL%20COLORADO,El Colorado,180191357,18019,21.3419025,-104.1757819
NAYARIT,EL%20COLORADO,El Colorado,180140103,18014,21.2563889,-104.4958656
NAYARIT,EL%20COLORADO,El Colorado,180170511,18017,21.6439586,-104.9919081
NAYARIT,EL%20PINO,El Pinole,180190157,18019,21.4433158,-103.8163058
NAYARIT,EL%20PINO,La Mesa del Pinole,180191632,18019,21.4512867,-103.8279161
NAYARIT,EL%20PINO,El Pinito (El Pino),180191696,18019,21.9011300,-104.4106411
NAYARIT,EL%20PINO,El Pino,180090900,18009,21.8082219,-104.5440039
NAYARIT,EL%20PINO,El Pino,180110119,18011,22.0107500,-104.8703919
NAYARIT,EL%20TEPETATE,El Tepetate,180190912,18019,21.3794444,-103.8041667
NAYARIT,EL%20TEPETATE,El Tepetate,180091546,18009,21.8129603,-104.7057414
NAYARIT,EL%20TEPETATE,El Tepetate,180090737,18009,21.6827192,-104.5320108
NAYARIT,EL%20TEPETATE,El Tepetate,180091501,18009,22.2708242,-104.9826853
NAYARIT,EL%20TEPETATE,El Tepetate,180091118,18009,21.5905556,-104.5430556
NAYARIT,EL%20TEPETATE,El Tepetate,180091341,18009,22.0854531,-104.6600172
NAYARIT,EL%20TEPETATE,El Tepetate,180190437,18019,21.4769669,-104.4551639
NAYARIT,EL%20TEPETATE,El Tepetate,180191709,18019,21.5873633,-104.4551792
NAYARIT,PUERTA%20DE%20PALAPARES,Puerta de Palapares,180150057,18015,22.1047547,-105.6299278
NAYARIT,SANTA%20CRUZ%20DE%20MIRAMAR,Santa Cruz de Miramar,180120043,18012,21.4325700,-105.1977886
NAYARIT,EL%20COLORADO,El Colorado,180140064,18014,21.2393842,-104.5802747
NAYARIT,EL%20COLORADO,La Playa del Colorado,180150093,18015,21.8804222,-105.5793203
NAYARIT,EL%20COLORADO,Cecilia Barajas (Higuera del Colorado) [Rancho],180150097,18015,21.8167875,-105.2269150
NAYARIT,EL%20COLORADO,El Colorado,180050029,18005,22.6891333,-105.2322061
NAYARIT,EL%20COLORADO,El Colorado,180170511,18017,21.6439586,-104.9919081
NAYARIT,EL%20COLORADO,El Colorado,180140103,18014,21.2563889,-104.4958656
NAYARIT,EL%20COLORADO,El Colorado,180191357,18019,21.3419025,-104.1757819
NAYARIT,FRANCISCO%20VILLA,Francisco Villa,180100047,18010,22.2208933,-105.3303897
NAYARIT,LA%20PERLA,La Perla,180170349,18017,21.5292647,-105.0397356
NAYARIT,LOS%20ESPEJOS,Los Espejos [Granja Camaronera],180100150,18010,21.9983881,-105.4381617
NAYARIT,LOS%20ESPEJOS,Los Espejos [Embarcadero],180100168,18010,21.9960192,-105.4496822
NAYARIT,SAN%20MIGUEL,San Miguelito,180100063,18010,22.1085333,-105.3221011
NAYARIT,SAN%20MIGUEL,Cerro San Miguel,180100115,18010,22.2316667,-105.1200000
NAYARIT,SAN%20MIGUEL,Benito Valle (San Miguel),180100119,18010,22.1575750,-105.0510678
NAYARIT,SAN%20MIGUEL,San Miguel,180040165,18004,21.0538414,-104.8307439
NAYARIT,SAN%20MIGUEL,San Miguel,180010094,18001,22.3339261,-105.2843517
NAYARIT,SAN%20MIGUEL,San Miguel,180060042,18006,21.0154981,-104.3005503
NAYARIT,SAN%20MIGUEL,San Miguel de Buenavista,180070037,18007,21.1014103,-104.3417042
NAYARIT,SAN%20MIGUEL,San Miguel,180060133,18006,21.0233333,-104.3861111
NAYARIT,SAN%20MIGUEL,San Miguel Número Dos (El Quemado),180150065,18015,21.8286608,-105.3909019
NAYARIT,SAN%20MIGUEL,San Miguel del Zapote,180090130,18009,21.9949361,-104.7826422
NAYARIT,SAN%20MIGUEL,Arroyo San Miguel,180200163,18020,20.9320772,-105.0901114
NAYARIT,EL%20ESPINO,El Espino,180170120,18017,21.6312269,-105.0635803
NAYARIT,EL%20ESPINO,El Espino,180140086,18014,21.2423125,-104.6441236
NAYARIT,EL%20ESPINO,El Espino,180120017,18012,21.3705583,-105.1882461
NAYARIT,EL%20ESPINO,El Espino,180170285,18017,21.5170375,-104.9942619
NAYARIT,EL%20POZO,Ixcatán del Pozolillo,180110012,18011,21.9859583,-104.9510481
NAYARIT,EL%20POZO,El Pozo,180140134,18014,21.3852453,-104.4376153
NAYARIT,EL%20POZO,El Pozo,180091080,18009,21.6478403,-104.4640794
NAYARIT,EL%20POZO,El Pozo,180060110,18006,20.9798753,-104.3990875
NAYARIT,EL%20POZO,El Pozo Verde,180140184,18014,21.2209061,-104.5433628
NAYARIT,EL%20POZO,El Pozo de la Guinea,180170671,18017,21.4989161,-105.0390014
NAYARIT,EL%20POZO,El Pozo,180060180,18006,21.0254169,-104.3883733
NAYARIT,JARRETADERAS,Las Jarretaderas,180200043,18020,20.6916519,-105.2731486
NAYARIT,LA%20CORTINA,Embarcadero de la Cortina,180170338,18017,21.8350147,-104.7953714
NAYARIT,LA%20MATITA,La Matita,180191417,18019,21.6834964,-104.3501233
NAYARIT,LA%20MATITA,La Matita [Rancho],180191723,18019,21.5046106,-104.3595183
NAYARIT,LA%20SAL,La Salada,180191167,18019,21.6067283,-104.0757739
NAYARIT,LAS%20BLANCAS,Las Blancas (Carretones de Cerritos),180170113,18017,21.7984442,-104.8435697
NAYARIT,LAS%20BLANCAS,Las Blancas,180020126,18002,21.0304056,-104.5329389
NAYARIT,LAS%20TAUNAS,Las Taunas,180091436,18009,21.8162419,-104.4841639
NAYARIT,LO%20DE%20MARCO,Lo de Marcos,180200046,18020,20.9562031,-105.3537250
NAYARIT,LA%20MATITA,La Matita,180191417,18019,21.6834964,-104.3501233
NAYARIT,LA%20MATITA,La Matita [Rancho],180191723,18019,21.5046106,-104.3595183
NAYARIT,MESA%20DE%20LAS%20YEGUAS,La Mesa de las Yeguas,180140116,18014,21.3532433,-104.4225750
NAYARIT,MIRAMAR,Miramar [Rancho],180160477,18016,22.3506136,-105.6765211
NAYARIT,MIRAMAR,Santa Cruz de Miramar,180120043,18012,21.4325700,-105.1977886
NAYARIT,LOS%20MORILLOS,Los Morillos,180160029,18016,22.2691889,-105.5211364
NAYARIT,LAS%20MULAS,Campo de las Mulas,180040035,18004,20.9876272,-104.9591892
NAYARIT,LA%20NOPALERA,La Nopalera,180090948,18009,22.1566622,-104.8161053
NAYARIT,LA%20NOPALERA,La Nopalera,180090949,18009,22.1950456,-104.6669006
NAYARIT,LA%20NOPALERA,La Nopalera,180091308,18009,21.7674414,-104.6758233
NAYARIT,LA%20NOPALERA,La Nopalera,180091062,18009,22.1804253,-104.6278286
NAYARIT,LA%20NOPALERA,La Nopalera,180091400,18009,21.9981078,-104.5062064
NAYARIT,LA%20NOPALERA,La Nopalera,180200552,18020,20.7271467,-105.2472411
NAYARIT,EL%20OTATITO,El Otatito,180160052,18016,22.4671450,-105.6910336
NAYARIT,PASO%20DE%20LOZADA,Paso de Lozada,180140181,18014,21.5177228,-104.5344894
NAYARIT,PASO%20DE%20LOZADA,Paso de Lozada,180090613,18009,21.5140069,-104.5264519
NAYARIT,PERICOS,Cofradía de Pericos,180090033,18009,22.0532189,-104.5427161
NAYARIT,PERICOS,Arroyo de Pericos,180090107,18009,22.0735789,-104.5252028
NAYARIT,PERICOS,Pericos [Granja Camaronera],180100148,18010,22.0726281,-105.3794819
NAYARIT,PERICOS,Rancho de Miguel Sosa (Crucero de Pericos),180100163,18010,22.0140614,-105.3801031
NAYARIT,PERICOS,Pericos,180140065,18014,21.2504239,-104.6457300
NAYARIT,PERICOS,Pericos [Pesquería],180160195,18016,22.4538286,-105.6390725
NAYARIT,PERICOS,Los Pericos,180190701,18019,21.9203697,-104.2197972
NAYARIT,PERICOS,Pericos,180100022,18010,22.0492256,-105.3544189
NAYARIT,SAYULITA,Sayulita,180200092,18020,20.8695081,-105.4401656
NAYARIT,SAYULITA,Punta Sayulita,180200105,18020,20.8739219,-105.4505581
NAYARIT,POTRERO,La Mesa del Potrero (La Ceiba),180080034,18008,21.4260806,-104.9600083
NAYARIT,POTRERO,Potrero el Marrano,180140218,18014,21.2058208,-104.5739411
NAYARIT,POTRERO,Potrero de Abajo,180191698,18019,21.3302578,-104.3179822
NAYARIT,POTRERO,Potrero Grande,180050128,18005,22.6638144,-105.3519808
NAYARIT,POTRERO,Potrero Grande,180170575,18017,21.4856911,-104.7732206
NAYARIT,POTRERO,Potrero de la Palmita,180090717,18009,21.8589089,-104.7092514
NAYARIT,POTRERO,Potrero la Jarretadera,180040677,18004,21.2120894,-104.9243667
NAYARIT,POTRERO,Potrero del Arenal,180070100,18007,21.0874086,-104.4450669
NAYARIT,POTRERO,El Potrero,180091258,18009,21.5526931,-104.5609011
NAYARIT,POTRERO,Potrero de los Ibarra,180170228,18017,21.5959319,-104.6643219
NAYARIT,POTRERO,Potrero Grande,180150403,18015,21.7261597,-105.2328128
NAYARIT,POTRERO,El Potrero,180190862,18019,21.4726706,-104.0697758
NAYARIT,POTRERO,Potrero las Lomas,180170666,18017,21.4290800,-104.7882231
NAYARIT,POTRERO,Potrero Grande,180170688,18017,21.4397861,-104.7785983
NAYARIT,POTRERO,El Potrero (Mesa del Potrero),180190365,18019,21.6000000,-104.3936111
NAYARIT,POTRERO,El Potrero,180190997,18019,21.7987644,-104.2991372
NAYARIT,POTRERO,El Potrero,180191291,18019,21.4046489,-104.0978494
NAYARIT,EL%20PUENTE,El Puente,180080146,18008,21.4381306,-104.8363075
NAYARIT,EL%20PUENTE,El Puente,180080082,18008,21.3068594,-104.9090406
NAYARIT,EL%20PUENTE,El Puente de las Guayabas,180091092,18009,22.1726614,-104.7264069
NAYARIT,EL%20PUENTE,El Puente,180150054,18015,21.8495419,-105.2458939
NAYARIT,PUERTA%20DE%20LA%20LIMA,La Puerta de la Lima,180040141,18004,21.0960286,-105.1819450
NAYARIT,PUNTA%20RAZA,Punta Raza,180040144,18004,21.0041969,-105.3190433
NAYARIT,EL%20RANCHITO,El Ranchito,180191295,18019,21.4562458,-104.1694467
NAYARIT,EL%20RANCHITO,El Ranchito,180191296,18019,21.4205731,-104.3566075
NAYARIT,EL%20RANCHITO,El Ranchito,180191702,18019,21.3696086,-103.9961017
NAYARIT,EL%20RANCHITO,El Ranchito,180020122,18002,21.0914614,-104.6238836
NAYARIT,EL%20RANCHITO,El Ranchito,180030053,18003,20.7545561,-104.3574206
NAYARIT,EL%20RANCHITO,El Ranchito,180030123,18003,20.8149053,-104.4069078
NAYARIT,EL%20RANCHITO,El Ranchito,180120255,18012,21.6702031,-105.3217872
NAYARIT,EL%20RANCHITO,El Ranchito II,180060103,18006,21.0472272,-104.3535567
NAYARIT,EL%20RANCHITO,El Ranchito,180090566,18009,21.8791967,-104.7667819
NAYARIT,EL%20RANCHITO,El Ranchito,180091431,18009,22.2293608,-104.7090656
NAYARIT,EL%20RANCHITO,El Ranchito,180190576,18019,21.3125000,-104.1286111
NAYARIT,EL%20RANCHITO,El Ranchito de Pedro Hermosillo,180150291,18015,21.8038939,-105.2840675
NAYARIT,EL%20RANCHITO,El Ranchito,180190708,18019,21.8218222,-104.3156492
NAYARIT,EL%20RANCHITO,El Ranchito,180191453,18019,21.4544114,-104.0754414
NAYARIT,EL%20RANCHITO,El Ranchito,180191297,18019,21.4475400,-103.9489897
NAYARIT,EL%20RANCHITO,El Ranchito,180190873,18019,21.2641514,-104.0733653
NAYARIT,EL%20RANCHITO,El Ranchito (La Cuchilla),180191456,18019,21.3686992,-104.0945617
NAYARIT,EL%20ROBLITO,El Roblito,180091450,18009,22.0019261,-104.6594231
NAYARIT,EL%20ROBLITO,El Roblito,180010297,18001,22.3326781,-105.2468719
NAYARIT,EL%20ROBLITO,El Roblito,180090724,18009,22.3141692,-104.9633833
NAYARIT,EL%20ROBLITO,El Roblito,180160044,18016,22.5076950,-105.6706367
NAYARIT,SAN%20JUAN,San Juan,180191813,18019,21.1963117,-104.1948406
NAYARIT,SAN%20JUAN,San Juan Bautista,180100031,18010,22.1426069,-105.0973011
NAYARIT,SAN%20JUAN,San Juan Corapan,180100032,18010,22.0446269,-104.9402575
NAYARIT,SAN%20JUAN,San Juan de Abajo,180200084,18020,20.8137814,-105.1912589
NAYARIT,SAN%20JUAN,Paso de San Juan,180020026,18002,21.0632758,-104.5604456
NAYARIT,SAN%20JUAN,Campamento San Juan Papelillo,180120130,18012,21.5913025,-106.6078606
NAYARIT,SAN%20JUAN,San Juan,180170213,18017,21.6717164,-105.0022464
NAYARIT,SAN%20JUAN,San Juan Peyotán,180090129,18009,22.3666717,-104.4330033
NAYARIT,SAN%20JUAN,Paso de San Juan,180190459,18019,21.1943961,-104.2050386
NAYARIT,SAN%20JUAN,San Juan,180050298,18005,22.6921375,-105.0997569
NAYARIT,SAN%20JUAN,San Juanito,180070110,18007,21.2039289,-104.5553958
NAYARIT,SAN%20JUAN,San Juan Ixtapalapa,180190641,18019,21.4933278,-104.0782750
NAYARIT,SAN%20JUAN,San Juan [Rancho],180190249,18019,21.7758294,-104.0862922
NAYARIT,SAN%20JUAN,Maurilio López Montes (Sierra de San Juan),180191418,18019,21.8451508,-104.2420892
NAYARIT,SAN%20JUAN,Clínica de San Juan de Abajo,180200695,18020,20.8233536,-105.2054486
NAYARIT,EL%20TORIL,La Loma del Toril,180191683,18019,21.7017614,-104.1013392
NAYARIT,EL%20TORIL,El Toril,180190190,18019,21.6975000,-104.0938889
NAYARIT,ZOQUIPAN,Zoquipan,180090157,18009,22.0028039,-104.5424881
QUINTANA ROO,ISLA%20MUJERES,Isla Mujeres,230030001,23003,21.2565692,-86.7460917
QUINTANA ROO,ISLA%20MUJERES,Zona Urbana Ejido Isla Mujeres,230030286,23003,21.2247972,-86.8549897
QUINTANA ROO,ISLA%20MUJERES,Isla Mujeres,230030001,23003,21.2565692,-86.7460917
QUINTANA ROO,ISLA%20MUJERES,Zona Urbana Ejido Isla Mujeres,230030286,23003,21.2247972,-86.8549897
QUINTANA ROO,ISLA%20MUJERES,Isla Mujeres,230030001,23003,21.2565692,-86.7460917
QUINTANA ROO,ISLA%20MUJERES,Zona Urbana Ejido Isla Mujeres,230030286,23003,21.2247972,-86.8549897
QUINTANA ROO,CHETUMAL,Chetumal,230040001,23004,18.4938894,-88.2978989
QUINTANA ROO,CHETUMAL,Grúas Raza de Chetumal,230041160,23004,18.5144478,-88.3691219
QUINTANA ROO,CHETUMAL,Chetumal [Campo Experimental],230040532,23004,18.5730500,-88.4593717
QUINTANA ROO,CHETUMAL,Primer Cementerio de Chetumal [Servicio],230042271,23004,18.5374861,-88.3157717
QUINTANA ROO,COZUMEL,Cozumel,230010001,23001,20.5037842,-86.9575883
QUINTANA ROO,COZUMEL,PASA Cozumel [Basurero Municipal],230010373,23001,20.3672222,-86.9083333
QUINTANA ROO,COZUMEL,Ejido Cozumel,230011060,23001,20.4554883,-86.8718006
QUINTANA ROO,COZUMEL,Cozumeleño,230010944,23001,20.4548792,-86.8818200
QUINTANA ROO,COZUMEL,Allegro Resort Cozumel,230010749,23001,20.3820678,-87.0196214
QUINTANA ROO,COZUMEL,Cozumel,230011014,23001,20.4533889,-86.9844722
QUINTANA ROO,COZUMEL,Villas Cozumel,230011045,23001,20.4898544,-86.9074783
QUINTANA ROO,ISLA%20MUJERES,Isla Mujeres,230030001,23003,21.2565692,-86.7460917
QUINTANA ROO,ISLA%20MUJERES,Zona Urbana Ejido Isla Mujeres,230030286,23003,21.2247972,-86.8549897
QUINTANA ROO,PUNTA%20ALLEN,Javier Rojo Gómez (Punta Allen),230090106,23009,19.8003456,-87.4764800
SINALOA,SINALOA,Sinaloa de Leyva,250170001,25017,25.8223722,-108.2220458
SINALOA,SINALOA,Campo Sinaloa,250110264,25011,25.5791569,-108.3668919
SINALOA,SINALOA,Privada la Sinaloa,250182160,25018,24.7618492,-107.6184339
SINALOA,SINALOA,Sinaloa Pacific,250080505,25008,23.8631864,-106.8994328
SINALOA,SINALOA,Granos de Sinaloa,250150196,25015,25.1730397,-107.9656958
SINALOA,SINALOA,Mártires de Sinaloa Dos,250010176,25001,26.3279789,-108.9494081
SINALOA,SINALOA,Sinaloa de Leyva (El Venadillo),250010231,25001,26.3767119,-108.9794569
SINALOA,SINALOA,Mártires de Sinaloa Uno,250010402,25001,26.3405583,-108.9923183
SINALOA,SINALOA,Protomártir de Sinaloa,250020089,25002,25.2159536,-108.1113578
SINALOA,SINALOA,La Sinaloa,250180364,25018,24.7682408,-107.6242344
SINALOA,SINALOA,Colonia Agrícola Sinaloa,250020033,25002,25.1178378,-108.0052072
SINALOA,SINALOA,Constituyentes de Sinaloa,250180523,25018,25.0202600,-107.8852078
SINALOA,BATURY,Batury,250020012,25002,25.2720367,-108.2405153
SINALOA,EL%20CASTILLO,El Castillo,250180041,25018,24.5436075,-107.7024192
SINALOA,EL%20CASTILLO,El Castillo,250120162,25012,23.1947000,-106.3394839
SINALOA,EL%20CASTILLO,Pirámides del Castillo,250121431,25012,23.1907228,-106.3129942
SINALOA,EL%20CASTILLO,Ampliación el Castillo,250120806,25012,23.1944622,-106.3217872
SINALOA,EL%20COLORADITO,El Coloradito,250110707,25011,25.5057528,-108.7175619
SINALOA,EL%20COLORADO,El Colorado,250010119,25001,25.7598744,-109.3158214
SINALOA,EL%20COLORADO,El Colorado,250110477,25011,25.5243233,-108.4341397
SINALOA,EL%20HECHO,El Hecho,250011001,25001,26.2855989,-109.1165072
SINALOA,BACOREHUIS,Bacorehuis,250010081,25001,26.3175331,-109.0855789
SINALOA,COSPITA,Cospita,250060311,25006,24.1059781,-107.1294953
SINALOA,COSTA%20AZUL,Costa Azul,250020035,25002,25.1028167,-108.1376619
SINALOA,LAS%20AGUAMITAS,Las Aguamitas,250060106,25006,24.8658083,-107.3236994
SINALOA,LAS%20AGUAMITAS,Las Aguamitas,250080160,25008,24.2151944,-106.9118442
SINALOA,LAS%20AGUAMITAS,Las Aguamitas,250180131,25018,24.5737650,-107.7991717
SINALOA,LAS%20AGUAMITAS,Las Aguamitas,250180002,25018,24.6779444,-107.5202917
SINALOA,LAS%20AGUAMITAS,La Curva (Las Aguamitas),250070882,25007,26.6717981,-108.3459117
SINALOA,LAS%20AGUAMITAS,Las Aguamitas,250130739,25013,25.1038631,-107.5339789
SINALOA,PLAYA%20COLORADA,Playa Colorada,250020084,25002,25.2895550,-108.3243317
SINALOA,CAPOMITOS,Ejido la Esperanza (Capomitos),250060895,25006,24.5340925,-107.4976839
SINALOA,CAPOMITOS,Los Capomitos,250100390,25010,26.4155386,-108.5127436
SINALOA,CASCABELES,Dique los Cascabeles [Dique los Pobres],250062439,25006,24.6126233,-107.3293014
SINALOA,CASCABELES,El Trabajo de los Cascabeles,250060902,25006,24.6073328,-107.2770969
SINALOA,CERRITOS,Los Cerritos,250100578,25010,26.2028283,-108.9107075
SINALOA,CERRITOS,Los Cerritos,250040033,25004,23.4266722,-106.2100403
SINALOA,CERRITOS,Los Cerritos,250062880,25006,24.8630061,-107.4287817
SINALOA,CORTINA,Las Cortinas,250063388,25006,24.4333733,-107.1131544
SINALOA,EL%20SALTO,El Salto,250030532,25003,25.4001303,-107.4794483
SINALOA,EL%20SALTO,El Salto,250030980,25003,25.9903586,-107.4086417
SINALOA,EL%20SALTO,El Salto,250030981,25003,25.6386450,-107.3286711
SINALOA,EL%20SALTO,Campo el Salto,250080441,25008,24.1270492,-106.7336600
SINALOA,EL%20SALTO,El Salto,250171501,25017,26.2808833,-107.9233847
SINALOA,EL%20SALTO,El Salto,250170938,25017,25.7446508,-107.9491497
SINALOA,EL%20SALTO,El Salto,250130624,25013,25.5119486,-107.8447425
SINALOA,EL%20SALTO,El Salto (De Capirato),250130459,25013,25.1532928,-107.5555992
SINALOA,EL%20SALTO,El Salto,250120307,25012,23.3738647,-106.3226331
SINALOA,EL%20SALTO,El Salto,250130291,25013,25.6971794,-107.6592936
SINALOA,SANALONA,Sanalona,250060627,25006,24.8015161,-107.1385194
SINALOA,SANALONA,Nuevo Sanalona,250063441,25006,24.8099189,-107.1315600
SINALOA,COSTA%20AZUL,Costa Azul,250020035,25002,25.1028167,-108.1376619
SINALOA,DAUTILLOS,Dautillos,250180054,25018,24.7227289,-107.9746769
SINALOA,DIQUE%20LA%20PRIMAVERA,Dique la Primavera,250060580,25006,24.7199472,-107.4161056
SINALOA,EL%20CHARCO,El Charco Verde,250100278,25010,26.2770828,-108.5671136
SINALOA,EL%20CHARCO,El Charco,250140214,25014,22.8467583,-105.9453481
SINALOA,EL%20CHARCO,El Charco Azul,250160823,25016,24.2629269,-106.3301492
SINALOA,EL%20CUERVO,El Cuervo,250190035,25019,24.3493311,-107.4125169
SINALOA,EL%20HUIZACHE,El Huizache,250170512,25017,25.6493664,-108.1431842
SINALOA,EL%20HUIZACHE,El Huizache,250130550,25013,25.4346389,-107.9794817
SINALOA,EL%20HUIZACHE,Laguna del Huizache Caimanero [Granja Camaronícola],250140572,25014,22.9107392,-106.0063492
SINALOA,EL%20OSTIONAL,El Ostional,250020079,25002,25.1691542,-108.2162492
SINALOA,EL%20PUYEQUE,El Puyeque,250140069,25014,22.8236439,-105.9926167
SINALOA,EL%20QUESO,El Queso [Cribas],250130648,25013,25.4556408,-107.9623506
SINALOA,EL%20ROBLITO,El Roblito [Sitio Pesquero],250140688,25014,22.9916669,-106.0510650
SINALOA,EL%20SALTO,Campo el Salto,250080441,25008,24.1270492,-106.7336600
SINALOA,EL%20SALTO,El Salto,250030532,25003,25.4001303,-107.4794483
SINALOA,EL%20SALTO,El Salto,250030980,25003,25.9903586,-107.4086417
SINALOA,EL%20SALTO,El Salto,250030981,25003,25.6386450,-107.3286711
SINALOA,EL%20SALTO,El Salto,250171501,25017,26.2808833,-107.9233847
SINALOA,EL%20SALTO,El Salto,250170938,25017,25.7446508,-107.9491497
SINALOA,EL%20SALTO,El Salto,250130624,25013,25.5119486,-107.8447425
SINALOA,EL%20SALTO,El Salto,250120307,25012,23.3738647,-106.3226331
SINALOA,EL%20SALTO,El Salto,250130291,25013,25.6971794,-107.6592936
SINALOA,EL%20SALTO,El Salto (De Capirato),250130459,25013,25.1532928,-107.5555992
SINALOA,EL%20RASTRO,El Rastro,250010745,25001,25.6904125,-109.0386161
SINALOA,GUAYMAS,Guaymas,250120385,25012,23.6611308,-106.1176994
SINALOA,BACURATO,Bacurato,250170367,25017,25.8598167,-107.8968456
SINALOA,LA%20BRECHA,La Brecha,250090257,25009,22.5504811,-105.7060886
SINALOA,LA%20BRECHA,La Brecha,250110059,25011,25.3689311,-108.4217294
SINALOA,LA%20BRECHA,Los Collín (La Brecha),250062307,25006,24.8155769,-107.4545400
SINALOA,LA%20BRECHA,La Brecha,250130431,25013,25.7434872,-107.7629828
SINALOA,LA%20BRECHA,San José de la Brecha,250110239,25011,25.3434475,-108.4394717
SINALOA,LA%20CAIMANERA,La Caimanera,250010430,25001,25.8505756,-109.3531906
SINALOA,LA%20CAMPANA,La Campana,250061061,25006,24.9967025,-107.5731769
SINALOA,LA%20CAMPANA,La Campana Número Dos (El Pochote),250090012,25009,22.7188217,-105.5976464
SINALOA,LA%20CAMPANA,Ejido de la Campana Número Uno,250090013,25009,22.6978131,-105.6033239
SINALOA,LA%20CAMPANA,La Campana Mayor,250040547,25004,23.1945186,-106.1639022
SINALOA,LA%20PERLA,La Perla,250180624,25018,24.8525453,-107.7878461
SINALOA,LA%20PERLA,La Perla [Aeródromo],250180564,25018,24.7209167,-107.5430833
SINALOA,LA%20PERLA,Divisadero la Perla,250062246,25006,24.7335258,-107.4276706
SINALOA,LA%20TINAJA,Loma la Tinaja,250150107,25015,25.4793214,-108.0119950
SINALOA,LA%20VENTANA,La Ventana [Granja Acuícola],250182306,25018,24.5447464,-107.7351678
SINALOA,LA%20VENTANA,Ejido la Ventana (El Carrizo),250080020,25008,24.0151508,-106.8527414
SINALOA,LA%20VENTANA,Isla la Ventana,250110975,25011,25.4907650,-108.8046419
SINALOA,ABOCHO,Abocho (Estación Abocho),250080002,25008,24.0001539,-106.9698564
SINALOA,LAS%20BRISAS,Las Brisas,250170670,25017,25.9378833,-108.5294875
SINALOA,LAS%20BRISAS,Las Brisas,250061103,25006,24.8528853,-107.4407042
SINALOA,LAS%20BRISAS,Las Brisas (Emiliano Zapata),250110060,25011,25.4881458,-108.2469711
SINALOA,LAS%20BRISAS,Las Brisas [Agropecuario],250062908,25006,24.9020647,-107.5175772
SINALOA,LAS%20BRISAS,Las Brisas,250063408,25006,24.8499019,-107.4397967
SINALOA,LAS%20GARZAS,Las Garzas,250061841,25006,24.6737636,-107.3102169
SINALOA,LAS%20GARZAS,Ejido Francisco Villa (Las Garzas),250140398,25014,23.0588903,-106.2139597
SINALOA,LAS%20GRULLAS,Las Grullas Margen Derecha,250010148,25001,25.8791875,-109.3378111
SINALOA,LAS%20GRULLAS,Las Grullas Margen Izquierda,250010149,25001,25.8566889,-109.3267747
SINALOA,LAS%20IGUANAS,Las Iguanas,250040076,25004,23.5041442,-106.1770944
SINALOA,LAS%20LABRADAS,Las Labradas,250040083,25004,23.4071422,-106.0398514
SINALOA,LAS%20PUENTES,Las Puentes (Guadalupe Victoria),250180322,25018,24.5325964,-107.5402322
SINALOA,LAS%20TAUNITAS,Las Taunitas,250071016,25007,26.8914292,-108.2494939
SINALOA,NAVOLATO,Navolato,250180001,25018,24.7672189,-107.6967603
SINALOA,NAVOLATO,Penal de Navolato,250182236,25018,24.7201400,-107.6721800
SINALOA,NAVOLATO,Cofradía de Navolato (Cofradía de los Rocha),250180045,25018,24.7683625,-107.6428253
SINALOA,ROSARIO,El Rosario,250140001,25014,22.9908742,-105.8537567
SINALOA,ROSARIO,Ninguno [María del Rosario Salas Valle],250171816,25017,25.8358422,-108.4762603
SINALOA,ROSARIO,Rancho Rosario Romo,250020227,25002,25.3731356,-108.1838439
SINALOA,ROSARIO,Rancho de Rosario Hernández,250101399,25010,26.2624564,-109.0270944
SINALOA,ROSARIO,Campo Fortino (Santa Rosario),250130633,25013,25.1258172,-107.7016003
SINALOA,ROSARIO,Los Rosarios,250170931,25017,26.0147136,-107.7705542
SINALOA,ROSARIO,El Rosario,250170933,25017,26.1703131,-107.8674989
SINALOA,ROSARIO,Estación Rosario,250140055,25014,22.9698814,-105.8888908
SINALOA,ROSARIO,Los Gavilanes [Rosario Gándara Macías],250120933,25012,23.1833261,-106.2756144
SINALOA,ROSARIO,Villas del Rosario,250063451,25006,24.8477811,-107.4387331
SINALOA,ROSARIO,Ninguno [Rosario Barajas García],250111498,25011,25.6290556,-108.4029389
SINALOA,ROSARIO,El Rosario,250110824,25011,25.6621047,-108.7744742
SINALOA,ROSARIO,Colonia el Rosario (Chayo) [Restaurante],250130094,25013,25.0757014,-107.6772892
SINALOA,TOPOLOBAMPO,Ejido Topolobampo,250010626,25001,25.6302108,-109.0566864
SINALOA,TOPOLOBAMPO,Topolobampo [Parque Industrial],250011331,25001,25.6949536,-109.0358131
SINALOA,TOPOLOBAMPO,Topolobampo,250010240,25001,25.5986872,-109.0495253
SINALOA,LOS%20HORCONES,Los Horcones,250171695,25017,25.7576050,-108.1643667
SINALOA,LOS%20HORCONES,Los Horcones,250170124,25017,25.7748308,-108.1629481
SINALOA,LOS%20HORCONES,Presa los Horcones,250120635,25012,23.3023456,-106.2763244
SINALOA,LOS%20HORCONES,Rancho de los Horcones,250140591,25014,23.0770736,-106.1217722
SINALOA,LOS%20PUENTES,Los Puentes Cuates,250180094,25018,24.7913925,-107.6775883
SINALOA,LOS%20PUENTES,Los Puentes Cuates,250010207,25001,25.8146364,-108.8423664
SINALOA,LOS%20PUENTES,Los Puentes Cuates,250011274,25001,25.9178381,-108.9855100
SINALOA,LOS%20PUENTES,Los Puentes Cuates,250110630,25011,25.5218850,-108.5958939
SINALOA,MANZANILLO,Manzanillo,250032103,25003,25.7055942,-107.0505975
SINALOA,LAS%20CABRAS,Las Cabras,250090260,25009,22.7467919,-105.8612614
SINALOA,LAS%20CABRAS,Las Cabras,250061104,25006,24.9179325,-107.5497511
SINALOA,LAS%20CABRAS,Las Cabras,250090559,25009,22.7592006,-105.8802092
SINALOA,LAS%20CABRAS,Las Cabras,250170040,25017,25.8010603,-108.1033325
SINALOA,LAS%20CABRAS,Las Cabras,250100037,25010,26.3730872,-108.7401694
SINALOA,TECUALILLA,Tecualilla,250090062,25009,22.7661325,-105.6714842
SINALOA,EL%20HUIZACHE,El Huizache,250170512,25017,25.6493664,-108.1431842
SINALOA,EL%20HUIZACHE,Laguna del Huizache Caimanero [Granja Camaronícola],250140572,25014,22.9107392,-106.0063492
SINALOA,EL%20HUIZACHE,El Huizache,250130550,25013,25.4346389,-107.9794817
SINALOA,LAS%20CABRAS,Las Cabras,250090260,25009,22.7467919,-105.8612614
SINALOA,LAS%20CABRAS,Las Cabras,250061104,25006,24.9179325,-107.5497511
SINALOA,LAS%20CABRAS,Las Cabras,250090559,25009,22.7592006,-105.8802092
SINALOA,LAS%20CABRAS,Las Cabras,250170040,25017,25.8010603,-108.1033325
SINALOA,LAS%20CABRAS,Las Cabras,250100037,25010,26.3730872,-108.7401694
SINALOA,MEDINA,Rancho los Medina,250080022,25008,23.9193692,-106.8748233
SINALOA,MEDINA,Campo Medina,250010685,25001,26.2256219,-109.0332661
SINALOA,MEDINA,El Avión [Aeródromo Medina],250060142,25006,24.5897222,-107.3655564
SINALOA,MEDINA,Potrero de los Medina,250030224,25003,25.4785967,-107.3697561
SINALOA,MEDINA,Medina [Ganadera],250063399,25006,24.6334639,-107.2725061
SINALOA,MEDINA,Rancho Medina (Casa Blanca),250062905,25006,24.8476997,-107.4523594
SINALOA,MEDINA,Potrerito de los Medina,250070446,25007,26.9033164,-108.2645150
SINALOA,MEDINA,Los Medina,250130452,25013,25.6113267,-107.9137336
SINALOA,MEDINA,Ninguno [Rosalio Camacho Medina],250111309,25011,25.5251953,-108.5353678
SINALOA,EL%20FUERTE,El Fuerte,250100001,25010,26.4215989,-108.6199664
SINALOA,EL%20FUERTE,El Fuerte [Granja Avícola],250010761,25001,25.9311875,-109.0107678
SINALOA,EL%20FUERTE,El Fuerte,250020048,25002,25.3820486,-108.1683972
SINALOA,EL%20FUERTE,Escuela Normal Experimental de El Fuerte,250100546,25010,26.4174364,-108.6918408
SINALOA,EL%20FUERTE,Estación Hoyancos [Estación el Fuerte],250100084,25010,26.3668136,-108.5924014
SINALOA,EL%20FUERTE,Del Fuerte Cotton,250111021,25011,25.7192667,-108.7384111
SINALOA,PAREDONES,Paredones,250060539,25006,24.9831747,-107.4831325
SINALOA,PAREDONES,Paredones,250010349,25001,25.6663831,-108.9891000
SINALOA,PAREDONES,Paredones,250190089,25019,24.2905050,-107.3787408
SINALOA,PERICOS,Pericos,250130235,25013,25.0860167,-107.7042436
SINALOA,PERICOS,Pericos,250030853,25003,25.8630114,-107.5609183
SINALOA,PERICOS,Los Pericos,250120273,25012,23.3926364,-106.4993794
SINALOA,PERICOS,Pericos,250030486,25003,26.1117625,-107.4078300
SINALOA,PERICOS,Pericos,250090049,25009,22.7224508,-105.5265697
SINALOA,PERICOS,El Aguaje de Pericos,250130004,25013,24.9787047,-107.6289214
SINALOA,PERICOS,San José de los Pericos,250070203,25007,26.3903156,-108.2750072
SINALOA,PERICOS,Los Pericos,250070911,25007,26.3979886,-108.2946150
SINALOA,PLAN%20DE%20GUADALUPE,Ejido Plan de Guadalupe,250010198,25001,25.6918353,-109.0974242
SINALOA,EL%20SABINAL,El Sabinal,250171724,25017,26.1600767,-108.0480458
SINALOA,EL%20SABINAL,El Sabinal,250170605,25017,26.1055003,-108.3262664
SINALOA,EL%20SABINAL,El Sabinal,250171568,25017,26.2163317,-108.2890478
SINALOA,EL%20SABINAL,El Sabinal,250171778,25017,26.1590781,-108.1754394
SINALOA,EL%20SABINAL,El Sabinal,250080074,25008,24.2363669,-106.7463622
SINALOA,EL%20SABINAL,El Sabinal,250160406,25016,23.8170594,-106.3849811
SINALOA,BACURATO,Bacurato,250170367,25017,25.8598167,-107.8968456
SINALOA,LAS%20HIGUERAS,Las Higueras,250170778,25017,25.9184372,-108.1035558
SINALOA,LAS%20HIGUERAS,Las Higueras del Tecuán,250030122,25003,25.3692511,-107.2449731
SINALOA,LAS%20HIGUERAS,Las Higueras,250032084,25003,25.8358594,-107.4240842
SINALOA,LAS%20HIGUERAS,Las Higueras,250090761,25009,22.8990928,-105.6452289
SINALOA,LAS%20HIGUERAS,Las Higueras,250171149,25017,25.9425983,-107.9682994
SINALOA,LAS%20HIGUERAS,Las Higueras,250171691,25017,26.1243933,-107.6648661
SINALOA,LAS%20HIGUERAS,Las Higueras de los Natoches,250100470,25010,25.9583331,-108.9764372
SINALOA,LAS%20HIGUERAS,Las Higueras,250060397,25006,25.0187364,-107.5374328
SINALOA,LAS%20HIGUERAS,Las Higueras,250140024,25014,23.0535456,-105.9552406
SINALOA,LAS%20HIGUERAS,Las Higueras (Las Flores),250110130,25011,25.3689103,-108.4536206
SINALOA,LAS%20HIGUERAS,La Higuerita (Las Higueras de Culiacán),250060400,25006,24.8211219,-107.4988578
SINALOA,LAS%20HIGUERAS,Las Higueras,250070097,25007,26.7307675,-108.1068419
SINALOA,LAS%20HIGUERAS,Las Higueras,250030418,25003,25.6447375,-107.2912822
SINALOA,LAS%20HIGUERAS,Las Higueras,250030422,25003,25.9565072,-107.3528494
SINALOA,LAS%20HIGUERAS,Las Higueras,250063310,25006,24.8607069,-107.2514944
SINALOA,LAS%20HIGUERAS,Las Higueras,250120611,25012,23.5408017,-106.5147039
SINALOA,LAS%20HIGUERAS,Las Higueras del Conchi,250120483,25012,23.2706442,-106.3606986
SINALOA,LAS%20HIGUERAS,Las Higueras,250120612,25012,23.5810458,-106.2495811
SINALOA,LAS%20HIGUERAS,Las Higueras,250120613,25012,23.3513100,-106.4305125
SINALOA,LAS%20HIGUERAS,Las Higueras del Carmen,250121073,25012,23.3519431,-106.4333100
SINALOA,LAS%20HIGUERAS,Las Higueras Blancas,250120819,25012,23.5959822,-106.1888836
SINALOA,LAS%20HIGUERAS,Las Higueras,250121439,25012,23.1818528,-106.2287056
SINALOA,LOS%20HORCONES,Los Horcones,250171695,25017,25.7576050,-108.1643667
SINALOA,LOS%20HORCONES,Los Horcones,250170124,25017,25.7748308,-108.1629481
SINALOA,LOS%20HORCONES,Presa los Horcones,250120635,25012,23.3023456,-106.2763244
SINALOA,LOS%20HORCONES,Rancho de los Horcones,250140591,25014,23.0770736,-106.1217722
SINALOA,PICACHOS,San Miguel de los Picachos,250062577,25006,25.1656725,-107.1485181
SINALOA,PICACHOS,Los Picachos,250070161,25007,26.7364269,-108.5779122
SINALOA,AGUA%20VERDE,Agua Verde,250140388,25014,22.8902203,-105.9730811
SINALOA,AGUA%20VERDE,Agua Verde,250063465,25006,25.1425994,-107.2960161
SINALOA,ALTATA,Altata,250180006,25018,24.6357700,-107.9310383
SINALOA,ALTATA,Porcicultura Altata,250182267,25018,24.6669517,-107.8802039
SINALOA,LOS%20POCHOTES,Los Pochotes,250180089,25018,24.8413872,-107.7619436
SINALOA,SAN%20BUENAVENTURA,San Buenaventura,250170434,25017,25.9677992,-108.2463178
SINALOA,SAN%20BUENAVENTURA,San Buenaventura,250040214,25004,23.7486169,-105.9555758
SINALOA,SAN%20FELIPE,San Felipe,250010603,25001,25.8555392,-108.8784411
SINALOA,SAN%20FELIPE,Nuevo San Felipe,250100548,25010,26.5385803,-108.4732728
SINALOA,SAN%20FELIPE,San Felipe,250150174,25015,25.4643361,-108.0999972
SINALOA,SAN%20FELIPE,San Felipe [Empaque],250010844,25001,25.8707169,-108.8911992
SINALOA,SANALONA,Nuevo Sanalona,250063441,25006,24.8099189,-107.1315600
SINALOA,SANALONA,Sanalona,250060627,25006,24.8015161,-107.1385194
SINALOA,ALTAMURA,La Risión (Isla Altamura),250020265,25002,25.1019928,-108.3023561
SINALOA,EL%20EBANITO,El Ebanito,250020201,25002,25.3062131,-108.1599456
SINALOA,EL%20EBANITO,El Ebanito,250090117,25009,22.7966953,-105.8323289
SINALOA,LA%20ESTACADA,La Estacada,250090595,25009,22.7798978,-105.8540175
SINALOA,LA%20GUANERA,La Guanera,250090599,25009,22.7969908,-105.8259944
SINALOA,LA%20GUANERA,Boca de Río (La Guanera),250140532,25014,22.8440517,-106.0267633
SINALOA,LA%20GUANERA,La Guanera,250120801,25012,23.2023617,-106.3091300
SINALOA,TECHOBAMPO,Nuevo Techobampo,250070765,25007,26.8720925,-108.3010419
SINALOA,TECHOBAMPO,Techobampo de los Montes,250070233,25007,26.6770694,-108.4743272
SINALOA,TECHOBAMPO,Techobampo de los Cota,250070234,25007,26.7704611,-108.4659772
SINALOA,TEHUECO,Tehueco,250100195,25010,26.2946597,-108.7448997
SINALOA,VAREJONAL,El Potrero del Varejonal,250030963,25003,25.1019869,-107.4139914
SINALOA,VAREJONAL,El Varejonal [Centro Acuícola],250032094,25003,25.1013672,-107.4023444
SINALOA,VAREJONAL,El Varejonal,250030312,25003,25.0938169,-107.3967317
SONORA,AQUIROPO,Estero Aquiropo,260330390,26033,26.8051631,-109.8404981
SONORA,BELLAVISTA,Bellavista,260360406,26036,30.7477167,-111.1406014
SONORA,BELLAVISTA,Bellavista,260030380,26003,26.6874425,-109.0826222
SONORA,BELLAVISTA,Los Alisos (Bellavista),260350142,26035,30.9185075,-110.8588175
SONORA,BELLAVISTA,Bellavista,260210280,26021,28.9068147,-110.2259597
SONORA,BELLAVISTA,Bellavista,260450156,26045,30.1084247,-110.6958314
SONORA,BELLAVISTA,Bellavista,260660010,26066,29.4112978,-110.4103147
SONORA,CERRO%20PRIETO,Cerro Prieto (El Otro Mundo),260470018,26047,29.8695781,-111.8111167
SONORA,CERRO%20PRIETO,Cerro Prieto,260480263,26048,31.3902769,-113.6158100
SONORA,CERRO%20PRIETO,El Cerro Prieto,260220132,26022,30.2722222,-110.7063889
SONORA,CERRO%20PRIETO,Cerro Prieto,260200134,26020,29.7348569,-111.2375875
SONORA,CERRO%20PRIETO,Cerro Prieto Uno,260270031,26027,31.0684028,-109.4342081
SONORA,CERRO%20PRIETO,Cerro Prieto,260220028,26022,30.4182964,-110.6578856
SONORA,CERRO%20PRIETO,Cerro Prieto Dos,260270154,26027,31.0941075,-109.4169844
SONORA,CERRO%20PRIETO,Cerro Prieto,260301423,26030,29.2722814,-111.5822997
SONORA,CERRO%20PRIETO,Cerro Prieto,260510127,26051,28.0960881,-109.1418436
SONORA,CERRO%20PRIETO,Cerro Prieto Dos,260600013,26060,31.3352211,-111.4428406
SONORA,CERRO%20PRIETO,5 de Marzo (Cerro Prieto),260290065,26029,28.3741411,-110.9275725
SONORA,CERRO%20PRIETO,El Cerro Prieto,260520878,26052,28.6809900,-108.7198586
SONORA,CERRO%20PRIETO,Cerro Prieto,260600060,26060,31.0202733,-111.3957231
SONORA,EL%20CHOYUDO,El Choyudo (Los Japoneses),260301214,26030,28.3206403,-111.4521528
SONORA,EL%20DESEMBOQUE,Desemboque de los Seris (El Desemboque),260470027,26047,29.5051542,-112.3961303
SONORA,EL%20DESEMBOQUE,El Desemboque (Kuwai),260170617,26017,30.5660136,-112.9658322
SONORA,EL%20RASTRO,Cano Sainz (El Rastro),260560065,26056,29.4382253,-110.7569644
SONORA,EL%20SARGENTO,El Sargento,260470313,26047,29.3265081,-112.3322261
SONORA,EL%20TECORI,El Tecoripa,260270274,26027,31.0619444,-109.8125000
SONORA,EL%20TOMATE,El Tomate (Campo Muñoz),260700064,26070,31.8437167,-112.7273175
SONORA,EL%20TORNILLAL,El Tornillal,260550037,26055,31.5791667,-114.2958333
SONORA,GUAYMAS,Sociedad Rubén Jaramillo (Campo Guaymas),260250096,26025,28.0155289,-110.6379894
SONORA,GUAYMAS,San Carlos (San Carlos Nuevo Guaymas),260290025,26029,27.9483661,-111.0518164
SONORA,GUAYMAS,Heroica Guaymas,260290001,26029,27.9233197,-110.8892169
SONORA,GUAYMAS,Aeropuertos Interncacional de Guaymas,260291709,26029,27.9694900,-110.9214575
SONORA,GUAYMAS,La Escondida (Guadalupe de Guaymas),260290094,26029,28.2461547,-110.6528336
SONORA,GUAYMAS,San José de Guaymas,260290254,26029,27.9843253,-110.8817122
SONORA,GUAYMAS,Las Tinajas [Jupan Guaymas],260290815,26029,28.2479706,-111.1365481
SONORA,GUAYMAS,San Fernando de Guaymas,260250140,26025,27.9721958,-110.7097336
SONORA,GUAYMAS,Santa María de Guaymas,260250060,26025,28.1433289,-110.6919333
SONORA,GUAYMAS,Triturados Guaymas,260291170,26029,28.0373675,-110.9349814
SONORA,HUATABAMPITO,Playa Huatabampito,260330201,26033,26.6924903,-109.5789306
SONORA,LA%20ATANASIA,La Atanasia,260720016,26072,27.1538889,-110.2133333
SONORA,LA%20MANGA,La Manga (Campo Pesquero la Manga),260291298,26029,27.9797331,-111.1238247
SONORA,LA%20MANGA,La Manga Tres,260291394,26029,27.9839061,-111.1348756
SONORA,LA%20MANGA,La Manga,260470367,26047,30.6583317,-112.0493664
SONORA,LA%20MANGA,La Manga,260020119,26002,31.2821331,-109.6103319
SONORA,LA%20MANGA,La Manga,260130050,26013,30.0536111,-110.2283333
SONORA,LA%20MANGA,La Manga Dos,260291393,26029,27.9858272,-111.1379664
SONORA,LA%20VIUDA,La Viuda,260210318,26021,28.8082578,-110.5847356
SONORA,LA%20VIUDA,La Viuda (Carlos Deconcini),260080212,26008,29.8816667,-109.1077778
SONORA,LA%20VIUDA,Campo Misión (La Viuda),260120405,26012,27.5353703,-110.0294342
SONORA,LA%20VIUDA,La Esquina (La Viuda),260410054,26041,30.4224419,-109.7928725
SONORA,LA%20VIUDA,Campo de la Viuda,260710045,26071,27.1892064,-109.8098819
SONORA,LA%20VIUDA,Teódola Viuda de Chávez,260550677,26055,32.3344581,-114.9294619
SONORA,LAS%20CUEVITAS,Las Cuevitas,260180635,26018,28.0242306,-109.9915617
SONORA,LAS%20CUEVITAS,Las Cuevitas,260500035,26050,29.7782814,-110.5206944
SONORA,LAS%20CUEVITAS,Las Cuevitas,260290788,26029,28.4927778,-110.4519444
SONORA,LAS%20CUEVITAS,Las Cuevitas,260301865,26030,29.5912394,-111.8929089
SONORA,LAS%20CUEVITAS,Las Cuevitas,260360239,26036,30.6930792,-111.0268836
SONORA,LAS%20CUEVITAS,Las Cuevitas,260490164,26049,27.6595872,-109.6494803
SONORA,LAS%20CUEVITAS,Las Cuevitas,260303228,26030,29.6201919,-111.9288411
SONORA,LAS%20CUEVITAS,Las Cuevitas,260680130,26068,29.0966958,-109.9217467
SONORA,LAS%20CUEVITAS,Las Cuevitas,260690014,26069,28.3528214,-109.0219725
SONORA,LAS%20CUEVITAS,Las Cuevitas,260060027,26006,30.4266294,-110.0452789
SONORA,LAS%20GUASIMAS,Las Guasimas,260330470,26033,26.7847094,-109.6235967
SONORA,SAN%20CARLOS,San Carlos (San Carlos Nuevo Guaymas),260290025,26029,27.9483661,-111.0518164
SONORA,SAN%20CARLOS,San Carlos [Acuícola],260303591,26030,28.6172058,-111.7815558
SONORA,SAN%20CARLOS,Rio Azul San Carlos,260291752,26029,27.9708117,-111.0812517
SONORA,SAN%20CARLOS,San Carlos,260020229,26002,31.2942894,-109.6506528
SONORA,SAN%20CARLOS,San Carlos,260040212,26004,30.5555775,-111.8044758
SONORA,SAN%20CARLOS,San Carlos,260180494,26018,27.2899686,-110.0154053
SONORA,SAN%20CARLOS,San Carlos,260040063,26004,31.4121606,-111.9189783
SONORA,SAN%20CARLOS,San Carlos [Campestre],260183009,26018,27.6080558,-109.9272061
SONORA,SAN%20CARLOS,Rancho San Carlos,260182726,26018,27.6109139,-109.9283225
SONORA,SAN%20CARLOS,San Carlos (El Pocito),260303199,26030,28.5361961,-111.4701181
SONORA,SAN%20CARLOS,San Carlos,260301002,26030,28.8928153,-111.4258181
SONORA,SAN%20CARLOS,San Carlos,260301645,26030,29.6013983,-111.4568097
SONORA,SAN%20CARLOS,San Carlos,260190177,26019,30.8077778,-110.1369444
SONORA,SAN%20CARLOS,San Carlos,260301222,26030,28.3057342,-111.3125606
SONORA,SAN%20CARLOS,San Carlos (Empaque San Carlos),260302016,26030,28.5321608,-111.4825869
SONORA,SAN%20CARLOS,San Carlos,260640091,26064,30.0830408,-111.7117364
SONORA,SAN%20CARLOS,San Carlos,260490422,26049,27.7129014,-109.7749789
SONORA,SAN%20CARLOS,San Carlos (La Carbonera),260560114,26056,29.3907711,-110.7019653
SONORA,SAN%20CARLOS,San Carlos,260580075,26058,30.5716550,-111.1900150
SONORA,SAN%20CARLOS,San Carlos,260420952,26042,27.1783367,-109.5119622
SONORA,SAN%20CARLOS,San Carlos,260490263,26049,27.6395058,-109.4957711
SONORA,SAN%20CARLOS,El Guayparín (San Carlos),260300280,26030,28.8894861,-111.3962000
SONORA,SAN%20CARLOS,San Carlos,260590054,26059,31.0855739,-110.6491089
SONORA,SAN%20CARLOS,San Carlos,260300475,26030,29.0829303,-111.3191756
SONORA,SAN%20CARLOS,San Carlos Tres [Porcina],260420257,26042,27.0768967,-109.3148814
SONORA,SAN%20CARLOS,San Carlos Cuatro [Porcina],260420258,26042,27.0763378,-109.3071083
SONORA,SAN%20CARLOS,San Carlos,260170181,26017,31.4895372,-112.3416169
SONORA,SAN%20CARLOS,San Carlos (San Martín),260620055,26062,28.4795094,-109.9779850
SONORA,SAN%20CARLOS,Rancho San Carlos,260700261,26070,31.6326844,-112.3887472
SONORA,LOS%20ALGODONES,Los Algodones,260510110,26051,27.8466914,-109.2203458
SONORA,LOS%20ALGODONES,Los Algodones,260480296,26048,31.3729289,-113.5726253
SONORA,LOS%20ALGODONES,Los Algodones,260182902,26018,27.5831661,-109.8975200
SONORA,LOS%20ALGODONES,Los Algodones,260182914,26018,28.1952731,-109.9120906
SONORA,LOS%20ALGODONES,Los Algodones,260030019,26003,27.5075303,-108.7332075
SONORA,LOS%20ALGODONES,Los Algodones,260500041,26050,29.7716233,-110.5856547
SONORA,MIRAMAR,Miramar,260030158,26003,27.4855192,-108.8751850
SONORA,MIRAMAR,Playa Miramar,260480259,26048,31.2485606,-113.2804939
SONORA,MIRAMAR,Colonia Miramar,260480310,26048,31.3722525,-113.4543528
SONORA,MIRAMAR,Country Club Miramar,260480313,26048,31.4072922,-113.4289714
SONORA,PLAYA%20DEL%20SOL,Playa del Sol,260250203,26025,27.9493708,-110.6919781
SONORA,BACHOCO,Avícola Bachoco,260120199,26012,27.5201653,-110.0979114
SONORA,BACHOCO,Avícola Bachoco (Granja 2507),260181072,26018,27.3901722,-109.8855247
SONORA,BACHOCO,Bachoco Veinticuatro Cero Seis [Avícola],260182373,26018,27.4829503,-110.0222678
SONORA,BACHOCO,Bachoco,260260797,26026,27.0906972,-109.7453653
SONORA,BACHOCO,Crianza (Bachoco 3264),260030768,26003,27.0936206,-109.1516919
SONORA,BACHOCO,Monterrey (Bachoco 3265),260030774,26003,27.0787831,-109.1660514
SONORA,BACHOCO,Avícola Bachoco Dos Mil Quinientos Once,260120197,26012,27.5197583,-110.1215858
SONORA,BACHOCO,Tres Marías (Bachoco 3261),260030898,26003,27.1154744,-109.1464939
SONORA,BACHOCO,Tres Marías (Bachoco 3262),260030899,26003,27.1268242,-109.1326233
SONORA,BACHOCO,Tres Marías (Bachoco 3263),260030900,26003,27.1305992,-109.1227453
SONORA,BACHOCO,Bachoco,260120221,26012,27.5287894,-110.0579936
SONORA,BACHOCO,Bachoco,260120353,26012,27.5319844,-110.1484369
SONORA,BACHOCO,Granja Bachoco 2523,260120541,26012,27.4651456,-110.1500836
SONORA,BACHOCO,Bachoco 2570,260120475,26012,27.5228336,-110.0707558
SONORA,BACHOCO,Bachoco,260120478,26012,27.5522489,-110.1527703
SONORA,BACHOCO,Bachoco  2401 [Aurora],260120568,26012,27.5262336,-110.0445872
SONORA,BACHOCO,Bachoco,260181589,26018,27.2362711,-109.9330067
SONORA,BACHOCO,Avícola Bachoco (2409),260180216,26018,27.2900864,-109.8213844
SONORA,BACHOCO,Santa María del Buaraje (Bachoco 2502),260180746,26018,27.2923856,-109.8118275
SONORA,BACHOCO,Avícola Bachoco,260181703,26018,27.3639111,-109.9120097
SONORA,BACHOCO,Bordos del Bachoco,260181715,26018,27.6052503,-109.9300983
SONORA,BACHOCO,Bachoco [Porcícola],260182189,26018,27.3715881,-110.0143717
SONORA,BACHOCO,Avícola Bachoco Veintidós Cero Cuatro,260181966,26018,27.5046900,-110.0962911
SONORA,BACHOCO,Bachoco,260181967,26018,27.4178794,-110.0622272
SONORA,BACHOCO,Presa del Bachoco,260182194,26018,27.5866667,-109.7941667
SONORA,BACHOCO,Bachoco,260182876,26018,27.5911508,-109.9114897
SONORA,BACHOCO,Bachoco [Avícola],260182322,26018,27.5308733,-110.0139072
SONORA,BACHOCO,Bachoco 32-22 (El Milagro),260182326,26018,27.4843031,-109.8550000
SONORA,BACHOCO,Corrales de Engorda del Bachoco,260490361,26049,27.5508333,-109.7997222
SONORA,BACHOCO,Bajerobeta (Playa Bachoco),260330393,26033,26.6602519,-109.4119483
SONORA,BACHOCO,Bachoco Veinticinco Diecisiete,260420759,26042,27.2631950,-109.7909750
SONORA,BACHOCO,Sicoma (Bachoco),260420823,26042,26.9905328,-109.5343103
SONORA,BACHOCO,Bachoco,260710127,26071,27.0990369,-109.8143789
SONORA,BACHOCO,Arroyo Bachoco,260490417,26049,27.5668664,-109.8055728
SONORA,BACHOCO,Bachoco,260710128,26071,27.0900508,-109.8300156
SONORA,BACHOCO,Granja Bachoco,260710129,26071,27.1489281,-109.7693519
SONORA,BACHOCO,Bachoco,260710130,26071,27.1352817,-109.7814569
SONORA,BACHOCO,Bachoco Nuevo,260720261,26072,27.4629589,-110.2192108
SONORA,BACHOCO,Bachoco,260330012,26033,26.7270083,-109.4174294
SONORA,BACHOCO,Bachoco el Alto,260260208,26026,27.0964222,-109.6294294
SONORA,BACHOCO,Bachoco Veinticuatro Cero Tres [Avícola],260182421,26018,27.5609753,-109.8138514
SONORA,BACHOCO,Bachoco (Granja Reproductora Pesada),260181375,26018,27.6043664,-109.9361844
SONORA,BACHOCO,Bachoco,260420233,26042,26.9821283,-109.4338133
SONORA,BACHOCO,Bachoco (Postura Granja Pesada),260720219,26072,27.4655625,-110.1947117
SONORA,BACHOCO,Progenitora Núcleo Uno (Bachoco),260510791,26051,27.7968467,-109.3070189
SONORA,BACHOCO,Progenitora Núcleo Dos (Bachoco),260510792,26051,27.7369503,-109.2813997
SONORA,BACHOCO,El Bachoco,260291745,26029,27.6880939,-110.4317750
SONORA,EL%20NOVILLO,El Novillo (Bloque 821),260720199,26072,27.3876567,-110.2247703
SONORA,EL%20NOVILLO,El Novillo (Campamento el Águila),260610005,26061,28.9804800,-109.6297461
SONORA,EL%20NOVILLO,El Novillo,260690758,26069,28.4522222,-108.5827778
SONORA,EL%20NOVILLO,El Novillo,260430418,26043,31.3036989,-110.9766597
SONORA,PUNTA%20CALAVERA,Punta Calaveras,260250297,26025,27.8925425,-110.6833069
SONORA,SANTO%20DOMINGO,Santo Domingo,260510071,26051,28.0893472,-109.5973597
SONORA,SANTO%20DOMINGO,Santo Domingo,260410040,26041,30.2839122,-109.5881597
SONORA,SANTO%20DOMINGO,Santo Domingo,260040173,26004,31.4697183,-111.8415814
SONORA,SANTO%20DOMINGO,Santo Domingo,260520259,26052,29.3748392,-109.2362744
SONORA,SANTO%20DOMINGO,Santo Domingo,260700058,26070,31.9160519,-112.9929433
SONORA,SANTO%20DOMINGO,Santo Domingo,260680267,26068,28.8838608,-110.0766614
SONORA,SANTO%20DOMINGO,Santo Domingo,260720167,26072,27.1983333,-110.2575000
SONORA,SANTO%20DOMINGO,Santo Domingo,260220068,26022,30.4491706,-110.5500997
SONORA,SANTO%20DOMINGO,Santo Domingo,260080188,26008,29.9747222,-108.9630556
SONORA,SANTO%20DOMINGO,Santo Domingo (La Estación),260170262,26017,30.8257089,-112.1679356
YUCATAN,CHELEM,Chelem,311020746,31102,20.6590344,-88.0495228
YUCATAN,CHELEM,Chelem,310590003,31059,21.2687364,-89.7429508
YUCATAN,CHELEM,Chelem,310850013,31085,20.8197408,-88.2399022
YUCATAN,HOLCHIT,Chan Holchit,310610101,31061,21.5436792,-88.0345886
YUCATAN,FRONTERA,Frontera,310570406,31057,21.3007858,-88.4350094
YUCATAN,FRONTERA,La Frontera,310400164,31040,20.9393994,-88.9745856
YUCATAN,CHICXULUB,Chicxulub Pueblo,310200001,31020,21.1372894,-89.5150761
YUCATAN,CHICXULUB,Chicxulub (Chicxulub Puerto),310590004,31059,21.2944286,-89.6071692
YUCATAN,CHICXULUB,COBAY [Plantel Chicxulub Pueblo],310200064,31020,21.1407000,-89.5095750
YUCATAN,DZILAM%20DE%20BRAVO,Dzilam de Bravo,310280001,31028,21.3932292,-88.8918797
YUCATAN,DZILAM%20DE%20BRAVO,Dzilam de Bravo [Unidad Habitacional],310280139,31028,21.3754131,-88.8959686
YUCATAN,LAS%20COLORADAS,Las Coloradas,310700045,31070,21.2838939,-88.3616333
YUCATAN,LAS%20COLORADAS,Las Coloradas,310610002,31061,21.6087247,-87.9906072
YUCATAN,PROGRESO,Progreso,310590001,31059,21.2825778,-89.6635736
YUCATAN,PROGRESO,El Progreso,310020041,31002,20.8749453,-89.4865836
YUCATAN,SAN%20BRUNO,San Bruno,310260004,31026,21.3304378,-89.3910897
YUCATAN,SAN%20CRISANTO,San Crisanto,310710112,31071,20.8617619,-88.9949825
YUCATAN,SAN%20CRISANTO,San Crisanto,310060397,31006,21.2693883,-88.7455656
YUCATAN,SAN%20CRISANTO,San Crisanto,310680003,31068,21.3532814,-89.1718089
YUCATAN,SANTA%20CLARA,Santa Clara,310080076,31008,21.0190703,-88.1155300
YUCATAN,SANTA%20CLARA,Santa Clara,311020108,31102,20.6960994,-88.1653797
YUCATAN,SANTA%20CLARA,Santa Clara,310210130,31021,20.6165886,-88.2301997
YUCATAN,SANTA%20CLARA,Santa Clara,310120114,31012,20.9849853,-88.6500564
YUCATAN,SANTA%20CLARA,Santa Clara de las Hadas,310140032,31014,20.6613336,-88.3355181
YUCATAN,SANTA%20CLARA,Santa Clara,310190045,31019,20.7725714,-87.8792017
YUCATAN,SANTA%20CLARA,Santa Clara,310120189,31012,20.9913889,-88.5933333
YUCATAN,SANTA%20CLARA,Santa Clara,310200027,31020,21.1472644,-89.4952361
YUCATAN,SANTA%20CLARA,Santa Clara,310290136,31029,21.3282808,-88.5837347
YUCATAN,SANTA%20CLARA,Santa Clara,310210103,31021,20.6065106,-88.1753114
YUCATAN,SANTA%20CLARA,Santa Clara,310270004,31027,21.3738203,-89.0137542
YUCATAN,SANTA%20CLARA,Santa Clara,310250015,31025,20.3868728,-89.4446192
YUCATAN,SANTA%20CLARA,Santa Clara,310570267,31057,21.3874003,-88.2753931
YUCATAN,SANTA%20CLARA,Santa Clara,310570319,31057,21.3704433,-88.2707297
YUCATAN,SANTA%20CLARA,Santa Clara,310570355,31057,21.3553464,-88.2323881
YUCATAN,SANTA%20CLARA,Santa Clara,310650063,31065,21.4352269,-88.2504133
YUCATAN,SANTA%20CLARA,Santa Clara,310650134,31065,21.4617647,-88.4346636
YUCATAN,SANTA%20CLARA,Santa Clara,310700356,31070,21.2419186,-88.3536003
YUCATAN,SANTA%20CLARA,Santa Clara,310650214,31065,21.5072328,-88.3124314
YUCATAN,SANTA%20CLARA,Santa Clara Dindzonot,310700167,31070,21.2685269,-88.4370350
YUCATAN,SANTA%20CLARA,Santa Clara,310750142,31075,20.3928803,-89.2723886
YUCATAN,SANTA%20CLARA,Santa Clara de Asís,310961583,31096,21.1851775,-88.2007061
YUCATAN,SANTA%20CLARA,Santa Clara,310730033,31073,20.2895611,-88.9233525
YUCATAN,SANTA%20CLARA,Santa Clara,310890101,31089,20.3566542,-89.4968789
YUCATAN,SANTA%20CLARA,Santa Clara Dzibalkú,310960060,31096,21.3726742,-88.0664300
YUCATAN,SANTA%20CLARA,Santa Clara,310960241,31096,21.2709203,-87.6169989
YUCATAN,SANTA%20CLARA,Santa Clara,310850114,31085,20.7832656,-88.1922889
YUCATAN,SANTA%20CLARA,Chan Santa Clara,310850233,31085,20.7880772,-88.2030233
YUCATAN,SANTA%20CLARA,Santa Clara,310910103,31091,20.8175733,-88.4513192
YUCATAN,SANTA%20CLARA,Santa Clara Cinco,310961838,31096,21.3953697,-87.9672119
YUCATAN,SANTA%20CLARA,Santa Clara 2,310961718,31096,21.3903503,-88.0108969
YUCATAN,SANTA%20CLARA,Santa Clara,310961884,31096,21.2090089,-88.1731011
YUCATAN,SANTA%20CLARA,Santa Clara,310962007,31096,21.1146347,-87.6428258
YUCATAN,SANTA%20CLARA,Santa Clara,311010213,31101,20.8707133,-89.7685319
YUCATAN,SANTA%20CLARA,Santa Clara,310970012,31097,20.8931428,-88.7573147
YUCATAN,SISAL,San Francisco Sisal,310150008,31015,20.7327478,-89.3561728
YUCATAN,SISAL,Sisal,310380004,31038,21.1648975,-90.0325403
YUCATAN,DZILAM,Dzilam de Bravo,310280001,31028,21.3932292,-88.8918797
YUCATAN,DZILAM,Dzilam de Bravo [Unidad Habitacional],310280139,31028,21.3754131,-88.8959686
YUCATAN,DZILAM,Dzilam González,310290001,31029,21.2802000,-88.9297567
YUCATAN,CHABIHAU,Chabihau,311060002,31106,21.3562825,-89.1179189
YUCATAN,TELCHAC,Telchac,310820001,31082,21.2033489,-89.2712672
YUCATAN,TELCHAC,Telchac Puerto,310830001,31083,21.3430039,-89.2642250
YUCATAN,TELCHAC,Telchac Puerto [Basurero Municipal],310830026,31083,21.3283878,-89.2611317
YUCATAN,TELCHAC,Telchac [Materiales],310820049,31082,21.2222214,-89.2705647
YUCATAN,TELCHAC,Telchac [Rastro Municipal],310820050,31082,21.1845542,-89.2746875
YUCATAN,VICTORIA,Santa Victoria,311040267,31104,20.2534639,-88.6222211
YUCATAN,VICTORIA,Victoria,310530052,31053,20.5117106,-89.7116372
YUCATAN,VICTORIA,La Victoria,310110009,31011,20.9915469,-90.3467108
YUCATAN,VICTORIA,Victoria,310700298,31070,21.2487061,-88.3300564
YUCATAN,VICTORIA,La Victoria,310930032,31093,21.0442967,-89.3777483
YUCATAN,VICTORIA,Victoria,310820053,31082,21.1773047,-89.2704922
